entity_id,entity_name,entity_type,topical_silo,parent_entity,page_type,existing_page,target_url,category_url,alias_count,sample_aliases
bev-1-percent-low-fat-milk,1% Low Fat Milk,product_family,Beverages,Beverages & Drinks,family_section,Yes,https://mcdomenuusa.com/beverage-menu/,https://mcdomenuusa.com/menu/beverages-drinks/,1,1 percent low fat milk
bev-1-percent-low-fat-milk-jug,1% Low Fat Milk Jug,product_variant,Beverages,1% Low Fat Milk,item,Yes,https://mcdomenuusa.com/menu/beverages-drinks/1-percent-low-fat-milk-jug/,https://mcdomenuusa.com/menu/beverages-drinks/,1,1 percent low fat milk jug
beverages-drinks,Beverages & Drinks,menu_guide,Beverages,,guide,Yes,https://mcdomenuusa.com/beverage-menu/,https://mcdomenuusa.com/menu/beverages-drinks/,12,beverages and drinks | beverages and drinks prices | beverages and drinks menu | beverages and drinks menu prices | beverages and drinks with prices | mcdonalds drinks | mcdonalds beverage menu | mcdonalds drink menu | drinks | drink | fountain drinks | what drinks does mcdonalds have
bev-dasani-water,DASANI Water,product_variant,Beverages,Beverages & Drinks,item,Yes,https://mcdomenuusa.com/menu/beverages-drinks/dasani-water/,https://mcdomenuusa.com/menu/beverages-drinks/,1,dasani water
bev-frozen-coca-cola-classic,Frozen Coca-Cola Classic,product_family,Beverages,Beverages & Drinks,family_section,Yes,https://mcdomenuusa.com/beverage-menu/,https://mcdomenuusa.com/menu/beverages-drinks/,4,frozen coca cola classic | slushie | slushies | frozen drinks
bev-frozen-coca-cola-classic-large,Frozen Coca-Cola Classic Large,product_variant,Beverages,Frozen Coca-Cola Classic,item,Yes,https://mcdomenuusa.com/menu/beverages-drinks/frozen-coca-cola-classic-large/,https://mcdomenuusa.com/menu/beverages-drinks/,1,frozen coca cola classic large
bev-frozen-coca-cola-classic-medium,Frozen Coca-Cola Classic Medium,product_variant,Beverages,Frozen Coca-Cola Classic,item,Yes,https://mcdomenuusa.com/menu/beverages-drinks/frozen-coca-cola-classic-medium/,https://mcdomenuusa.com/menu/beverages-drinks/,1,frozen coca cola classic medium
bev-frozen-coca-cola-classic-small,Frozen Coca-Cola Classic Small,product_variant,Beverages,Frozen Coca-Cola Classic,item,Yes,https://mcdomenuusa.com/menu/beverages-drinks/frozen-coca-cola-classic-small/,https://mcdomenuusa.com/menu/beverages-drinks/,1,frozen coca cola classic small
bev-frozen-fanta-blue-raspberry,Frozen Fanta Blue Raspberry,product_family,Beverages,Beverages & Drinks,family_section,Yes,https://mcdomenuusa.com/beverage-menu/,https://mcdomenuusa.com/menu/beverages-drinks/,4,frozen fanta blue raspberry | slushie | slushies | frozen drinks
bev-frozen-fanta-blue-raspberry-large,Frozen Fanta Blue Raspberry Large,product_variant,Beverages,Frozen Fanta Blue Raspberry,item,Yes,https://mcdomenuusa.com/menu/beverages-drinks/frozen-fanta-blue-raspberry-large/,https://mcdomenuusa.com/menu/beverages-drinks/,1,frozen fanta blue raspberry large
bev-frozen-fanta-blue-raspberry-medium,Frozen Fanta Blue Raspberry Medium,product_variant,Beverages,Frozen Fanta Blue Raspberry,item,Yes,https://mcdomenuusa.com/menu/beverages-drinks/frozen-fanta-blue-raspberry-medium/,https://mcdomenuusa.com/menu/beverages-drinks/,1,frozen fanta blue raspberry medium
bev-frozen-fanta-blue-raspberry-small,Frozen Fanta Blue Raspberry Small,product_variant,Beverages,Frozen Fanta Blue Raspberry,item,Yes,https://mcdomenuusa.com/menu/beverages-drinks/frozen-fanta-blue-raspberry-small/,https://mcdomenuusa.com/menu/beverages-drinks/,1,frozen fanta blue raspberry small
bev-honest-kids-appley-ever-after,Honest Kids Appley Ever After,product_variant,Beverages,Beverages & Drinks,item,Yes,https://mcdomenuusa.com/menu/beverages-drinks/honest-kids-appley-ever-after/,https://mcdomenuusa.com/menu/beverages-drinks/,1,honest kids appley ever after
bev-hot-tea,Hot Tea,product_family,Beverages,Beverages & Drinks,family_section,Yes,https://mcdomenuusa.com/beverage-menu/,https://mcdomenuusa.com/menu/beverages-drinks/,1,hot tea
bev-hot-tea-any-size,Hot Tea Any size,product_variant,Beverages,Hot Tea,item,Yes,https://mcdomenuusa.com/menu/beverages-drinks/hot-tea-any-size/,https://mcdomenuusa.com/menu/beverages-drinks/,1,hot tea any size
bev-lemonade,Lemonade,product_family,Beverages,Beverages & Drinks,family_section,Yes,https://mcdomenuusa.com/beverage-menu/,https://mcdomenuusa.com/menu/beverages-drinks/,1,lemonade
bev-lemonade-large,Lemonade Large,product_variant,Beverages,Lemonade,item,Yes,https://mcdomenuusa.com/menu/beverages-drinks/lemonade-large/,https://mcdomenuusa.com/menu/beverages-drinks/,1,lemonade large
bev-lemonade-medium,Lemonade Medium,product_variant,Beverages,Lemonade,item,Yes,https://mcdomenuusa.com/menu/beverages-drinks/lemonade-medium/,https://mcdomenuusa.com/menu/beverages-drinks/,1,lemonade medium
bev-lemonade-small,Lemonade Small,product_variant,Beverages,Lemonade,item,Yes,https://mcdomenuusa.com/menu/beverages-drinks/lemonade-small/,https://mcdomenuusa.com/menu/beverages-drinks/,1,lemonade small
bev-mango-pineapple-smoothie,Mango Pineapple Smoothie,product_family,Beverages,Beverages & Drinks,family_section,Yes,https://mcdomenuusa.com/beverage-menu/,https://mcdomenuusa.com/menu/beverages-drinks/,2,mango pineapple smoothie | smoothies
bev-mango-pineapple-smoothie-large,Mango Pineapple Smoothie Large,product_variant,Beverages,Mango Pineapple Smoothie,item,Yes,https://mcdomenuusa.com/menu/beverages-drinks/mango-pineapple-smoothie-large/,https://mcdomenuusa.com/menu/beverages-drinks/,1,mango pineapple smoothie large
bev-mango-pineapple-smoothie-medium,Mango Pineapple Smoothie Medium,product_variant,Beverages,Mango Pineapple Smoothie,item,Yes,https://mcdomenuusa.com/menu/beverages-drinks/mango-pineapple-smoothie-medium/,https://mcdomenuusa.com/menu/beverages-drinks/,1,mango pineapple smoothie medium
bev-mango-pineapple-smoothie-small,Mango Pineapple Smoothie Small,product_variant,Beverages,Mango Pineapple Smoothie,item,Yes,https://mcdomenuusa.com/menu/beverages-drinks/mango-pineapple-smoothie-small/,https://mcdomenuusa.com/menu/beverages-drinks/,1,mango pineapple smoothie small
bev-minute-maid-premium-orange-juice,Minute Maid Premium Orange Juice,product_family,Beverages,Beverages & Drinks,family_section,Yes,https://mcdomenuusa.com/beverage-menu/,https://mcdomenuusa.com/menu/beverages-drinks/,2,minute maid premium orange juice | orange juice
bev-minute-maid-premium-orange-juice-medium,Minute Maid Premium Orange Juice Medium,product_variant,Beverages,Minute Maid Premium Orange Juice,item,Yes,https://mcdomenuusa.com/menu/beverages-drinks/minute-maid-premium-orange-juice-medium/,https://mcdomenuusa.com/menu/beverages-drinks/,1,minute maid premium orange juice medium
bev-minute-maid-premium-orange-juice-small,Minute Maid Premium Orange Juice Small,product_variant,Beverages,Minute Maid Premium Orange Juice,item,Yes,https://mcdomenuusa.com/menu/beverages-drinks/minute-maid-premium-orange-juice-small/,https://mcdomenuusa.com/menu/beverages-drinks/,1,minute maid premium orange juice small
bev-reduced-sugar-low-fat-chocolate-milk,Reduced Sugar Low Fat Chocolate Milk,product_family,Beverages,Beverages & Drinks,family_section,Yes,https://mcdomenuusa.com/beverage-menu/,https://mcdomenuusa.com/menu/beverages-drinks/,3,reduced sugar low fat chocolate milk | chocolate milk | milk
bev-reduced-sugar-low-fat-chocolate-milk-jug,Reduced Sugar Low Fat Chocolate Milk Jug,product_variant,Beverages,Reduced Sugar Low Fat Chocolate Milk,item,Yes,https://mcdomenuusa.com/menu/beverages-drinks/reduced-sugar-low-fat-chocolate-milk-jug/,https://mcdomenuusa.com/menu/beverages-drinks/,1,reduced sugar low fat chocolate milk jug
beverages-smoothie,Smoothie,product_family,Beverages,Beverages & Drinks,family_section,Yes,https://mcdomenuusa.com/beverage-menu/,https://mcdomenuusa.com/menu/beverages-drinks/,3,smoothie | smoothies | mcdonalds smoothie
bev-soft-drink,Soft Drink,product_family,Beverages,Beverages & Drinks,family_section,Yes,https://mcdomenuusa.com/beverage-menu/,https://mcdomenuusa.com/menu/beverages-drinks/,7,soft drink | coke | sprite | dr pepper | fanta | diet coke | hi c
bev-soft-drink-large,Soft Drink Large,product_variant,Beverages,Soft Drink,item,Yes,https://mcdomenuusa.com/menu/beverages-drinks/soft-drink-large/,https://mcdomenuusa.com/menu/beverages-drinks/,9,soft drink large | coke | coca cola | sprite | dr pepper | fanta | diet coke | hi c | hic
bev-soft-drink-medium,Soft Drink Medium,product_variant,Beverages,Soft Drink,item,Yes,https://mcdomenuusa.com/menu/beverages-drinks/soft-drink-medium/,https://mcdomenuusa.com/menu/beverages-drinks/,9,soft drink medium | coke | coca cola | sprite | dr pepper | fanta | diet coke | hi c | hic
bev-soft-drink-small,Soft Drink Small,product_variant,Beverages,Soft Drink,item,Yes,https://mcdomenuusa.com/menu/beverages-drinks/soft-drink-small/,https://mcdomenuusa.com/menu/beverages-drinks/,9,soft drink small | coke | coca cola | sprite | dr pepper | fanta | diet coke | hi c | hic
bev-strawberry-banana-smoothie,Strawberry Banana Smoothie,product_family,Beverages,Beverages & Drinks,family_section,Yes,https://mcdomenuusa.com/beverage-menu/,https://mcdomenuusa.com/menu/beverages-drinks/,2,strawberry banana smoothie | smoothies
bev-strawberry-banana-smoothie-large,Strawberry Banana Smoothie Large,product_variant,Beverages,Strawberry Banana Smoothie,item,Yes,https://mcdomenuusa.com/menu/beverages-drinks/strawberry-banana-smoothie-large/,https://mcdomenuusa.com/menu/beverages-drinks/,1,strawberry banana smoothie large
bev-strawberry-banana-smoothie-medium,Strawberry Banana Smoothie Medium,product_variant,Beverages,Strawberry Banana Smoothie,item,Yes,https://mcdomenuusa.com/menu/beverages-drinks/strawberry-banana-smoothie-medium/,https://mcdomenuusa.com/menu/beverages-drinks/,1,strawberry banana smoothie medium
bev-strawberry-banana-smoothie-small,Strawberry Banana Smoothie Small,product_variant,Beverages,Strawberry Banana Smoothie,item,Yes,https://mcdomenuusa.com/menu/beverages-drinks/strawberry-banana-smoothie-small/,https://mcdomenuusa.com/menu/beverages-drinks/,1,strawberry banana smoothie small
bev-sweet-tea,Sweet Tea,product_family,Beverages,Beverages & Drinks,family_section,Yes,https://mcdomenuusa.com/beverage-menu/,https://mcdomenuusa.com/menu/beverages-drinks/,1,sweet tea
bev-sweet-tea-large,Sweet Tea Large,product_variant,Beverages,Sweet Tea,item,Yes,https://mcdomenuusa.com/menu/beverages-drinks/sweet-tea-large/,https://mcdomenuusa.com/menu/beverages-drinks/,1,sweet tea large
bev-sweet-tea-medium,Sweet Tea Medium,product_variant,Beverages,Sweet Tea,item,Yes,https://mcdomenuusa.com/menu/beverages-drinks/sweet-tea-medium/,https://mcdomenuusa.com/menu/beverages-drinks/,1,sweet tea medium
bev-sweet-tea-small,Sweet Tea Small,product_variant,Beverages,Sweet Tea,item,Yes,https://mcdomenuusa.com/menu/beverages-drinks/sweet-tea-small/,https://mcdomenuusa.com/menu/beverages-drinks/,1,sweet tea small
bev-unsweetened-iced-tea,Unsweetened Iced Tea,product_family,Beverages,Beverages & Drinks,family_section,Yes,https://mcdomenuusa.com/beverage-menu/,https://mcdomenuusa.com/menu/beverages-drinks/,3,unsweetened iced tea | unsweet tea | unsweetened tea
bev-unsweetened-iced-tea-any-size,Unsweetened Iced Tea Any size,product_variant,Beverages,Unsweetened Iced Tea,item,Yes,https://mcdomenuusa.com/menu/beverages-drinks/unsweetened-iced-tea-any-size/,https://mcdomenuusa.com/menu/beverages-drinks/,1,unsweetened iced tea any size
menu-hub,McDonald's Menu,menu_hub,Brand Core,,hub,Yes,https://mcdomenuusa.com/menu/,,7,mcdonalds menu | mcdonald menu | mcdonalds usa menu | mcdonalds menu with prices | mcdonalds prices | menu mcdonalds usa | mcdonald menu prices
bfast-bacon-egg-cheese-bagel,"Bacon, Egg & Cheese Bagel",product_variant,Breakfast,Breakfast Menu,item,Yes,https://mcdomenuusa.com/menu/breakfast-menu/bacon-egg-cheese-bagel/,https://mcdomenuusa.com/menu/breakfast-menu/,1,bacon egg and cheese bagel
bfast-bacon-egg-cheese-biscuit,"Bacon, Egg & Cheese Biscuit",product_variant,Breakfast,Breakfast Menu,item,Yes,https://mcdomenuusa.com/menu/breakfast-menu/bacon-egg-cheese-biscuit/,https://mcdomenuusa.com/menu/breakfast-menu/,1,bacon egg and cheese biscuit
bfast-bacon-egg-cheese-mcgriddles,"Bacon, Egg & Cheese McGriddles",product_variant,Breakfast,Breakfast Menu,item,Yes,https://mcdomenuusa.com/menu/breakfast-menu/bacon-egg-cheese-mcgriddles/,https://mcdomenuusa.com/menu/breakfast-menu/,3,bacon egg and cheese mcgriddles | bacon egg and cheese mcgriddle | bacon egg and cheese mc griddles
bfast-bagel,Bagel,product_variant,Breakfast,Breakfast Menu,item,Yes,https://mcdomenuusa.com/menu/breakfast-menu/bagel/,https://mcdomenuusa.com/menu/breakfast-menu/,1,bagel
bfast-big-breakfast,Big Breakfast,product_variant,Breakfast,Breakfast Menu,item,Yes,https://mcdomenuusa.com/menu/breakfast-menu/big-breakfast/,https://mcdomenuusa.com/menu/breakfast-menu/,1,big breakfast
bfast-big-breakfast-with-hotcakes,Big Breakfast with Hotcakes,product_variant,Breakfast,Breakfast Menu,item,Yes,https://mcdomenuusa.com/menu/breakfast-menu/big-breakfast-with-hotcakes/,https://mcdomenuusa.com/menu/breakfast-menu/,3,big breakfast with hotcakes | big breakfast w hotcakes | big breakfast hotcakes
breakfast-hours,Breakfast Hours,support_page,Breakfast,,support,Yes,https://mcdomenuusa.com/breakfast-hours/,,9,mcdonalds breakfast hours | breakfast hours | breakfast time | breakfast times | what time does mcdonalds stop serving breakfast | when does mcdonalds stop serving breakfast | all day breakfast | mcdonalds breakfast until what time | mcdonalds breakfast end time
breakfast-menu,Breakfast Menu,menu_guide,Breakfast,,guide,Yes,https://mcdomenuusa.com/breakfast-menu/,https://mcdomenuusa.com/menu/breakfast-menu/,13,breakfast menu | breakfast | breakfast menu prices | breakfast menu menu | breakfast menu menu prices | breakfast menu with prices | mcdonalds breakfast | mcdonalds breakfast menu | mcdonalds breakfast prices | desayunos mcdonalds usa | desayunos de mcdonalds usa | morning menu
bfast-egg-cheese-bagel,Egg and Cheese Bagel,product_variant,Breakfast,Breakfast Menu,item,Yes,https://mcdomenuusa.com/menu/breakfast-menu/egg-cheese-bagel/,https://mcdomenuusa.com/menu/breakfast-menu/,1,egg and cheese bagel
bfast-egg-mcmuffin,Egg McMuffin,product_variant,Breakfast,Breakfast Menu,item,Yes,https://mcdomenuusa.com/menu/breakfast-menu/egg-mcmuffin/,https://mcdomenuusa.com/menu/breakfast-menu/,2,egg mcmuffin | egg mc muffin
bfast-fruit-maple-oatmeal,Fruit & Maple Oatmeal,product_variant,Breakfast,Breakfast Menu,item,Yes,https://mcdomenuusa.com/menu/breakfast-menu/fruit-maple-oatmeal/,https://mcdomenuusa.com/menu/breakfast-menu/,3,fruit and maple oatmeal | oatmeal | mcdonalds oatmeal
bfast-hash-browns,Hash Browns,product_variant,Breakfast,Breakfast Menu,item,Yes,https://mcdomenuusa.com/menu/breakfast-menu/hash-browns/,https://mcdomenuusa.com/menu/breakfast-menu/,4,hash browns | hashbrown | hashbrowns | hash brown
bfast-hotcakes,Hotcakes,product_variant,Breakfast,Breakfast Menu,item,Yes,https://mcdomenuusa.com/menu/breakfast-menu/hotcakes/,https://mcdomenuusa.com/menu/breakfast-menu/,3,hotcakes | hot cakes | pancakes
bfast-hotcakes-sausage,Hotcakes and Sausage,product_variant,Breakfast,Breakfast Menu,item,Yes,https://mcdomenuusa.com/menu/breakfast-menu/hotcakes-sausage/,https://mcdomenuusa.com/menu/breakfast-menu/,2,hotcakes and sausage | pancakes
breakfast-mcgriddle,McGriddle,product_family,Breakfast,Breakfast Menu,family_section,Yes,https://mcdomenuusa.com/breakfast-menu/,https://mcdomenuusa.com/menu/breakfast-menu/,3,mcgriddle | mcgriddles | mcdonalds mcgriddle
breakfast-mcmuffin,McMuffin,product_family,Breakfast,Breakfast Menu,family_section,Yes,https://mcdomenuusa.com/breakfast-menu/,https://mcdomenuusa.com/menu/breakfast-menu/,3,mcmuffin | mcmuffins | mcdonalds mcmuffin
bfast-sausage-biscuit,Sausage Biscuit,product_variant,Breakfast,Breakfast Menu,item,Yes,https://mcdomenuusa.com/menu/breakfast-menu/sausage-biscuit/,https://mcdomenuusa.com/menu/breakfast-menu/,1,sausage biscuit
bfast-sausage-biscuit-with-egg,Sausage Biscuit with Egg,product_variant,Breakfast,Breakfast Menu,item,Yes,https://mcdomenuusa.com/menu/breakfast-menu/sausage-biscuit-with-egg/,https://mcdomenuusa.com/menu/breakfast-menu/,3,sausage biscuit with egg | sausage biscuit w egg | sausage biscuit egg
bfast-sausage-burrito,Sausage Burrito,product_variant,Breakfast,Breakfast Menu,item,Yes,https://mcdomenuusa.com/menu/breakfast-menu/sausage-burrito/,https://mcdomenuusa.com/menu/breakfast-menu/,3,sausage burrito | burrito | burritos
bfast-sausage-mcgriddles,Sausage McGriddles,product_variant,Breakfast,Breakfast Menu,item,Yes,https://mcdomenuusa.com/menu/breakfast-menu/sausage-mcgriddles/,https://mcdomenuusa.com/menu/breakfast-menu/,3,sausage mcgriddles | sausage mcgriddle | sausage mc griddles
bfast-sausage-mcmuffin,Sausage McMuffin,product_variant,Breakfast,Breakfast Menu,item,Yes,https://mcdomenuusa.com/menu/breakfast-menu/sausage-mcmuffin/,https://mcdomenuusa.com/menu/breakfast-menu/,2,sausage mcmuffin | sausage mc muffin
bfast-sausage-mcmuffin-with-egg,Sausage McMuffin with Egg,product_variant,Breakfast,Breakfast Menu,item,Yes,https://mcdomenuusa.com/menu/breakfast-menu/sausage-mcmuffin-with-egg/,https://mcdomenuusa.com/menu/breakfast-menu/,6,sausage mcmuffin with egg | sausage mcmuffin and cheese | sausage mcmuffin egg and cheese | sausage mcmuffin w egg | sausage mcmuffin egg | sausage mc muffin with egg
bfast-sausage-egg-cheese-bagel,"Sausage, Egg & Cheese Bagel",product_variant,Breakfast,Breakfast Menu,item,Yes,https://mcdomenuusa.com/menu/breakfast-menu/sausage-egg-cheese-bagel/,https://mcdomenuusa.com/menu/breakfast-menu/,1,sausage egg and cheese bagel
bfast-sausage-egg-cheese-mcgriddles,"Sausage, Egg & Cheese McGriddles",product_variant,Breakfast,Breakfast Menu,item,Yes,https://mcdomenuusa.com/menu/breakfast-menu/sausage-egg-cheese-mcgriddles/,https://mcdomenuusa.com/menu/breakfast-menu/,3,sausage egg and cheese mcgriddles | sausage egg and cheese mcgriddle | sausage egg and cheese mc griddles
bfast-steak-egg-cheese-bagel,"Steak, Egg & Cheese Bagel",product_variant,Breakfast,Breakfast Menu,item,Yes,https://mcdomenuusa.com/menu/breakfast-menu/steak-egg-cheese-bagel/,https://mcdomenuusa.com/menu/breakfast-menu/,1,steak egg and cheese bagel
burgers-bacon-quarter-pounder-with-cheese,Bacon Quarter Pounder with Cheese,product_variant,Burgers,Burgers Menu,item,Yes,https://mcdomenuusa.com/menu/burgers-menu/bacon-quarter-pounder-with-cheese/,https://mcdomenuusa.com/menu/burgers-menu/,3,bacon quarter pounder with cheese | bacon quarter pounder w cheese | bacon quarter pounder cheese
burgers-big-mac,Big Mac,product_variant,Burgers,Burgers Menu,item,Yes,https://mcdomenuusa.com/menu/burgers-menu/big-mac/,https://mcdomenuusa.com/menu/burgers-menu/,2,big mac | bigmac
burgers-menu,Burgers Menu,menu_guide,Burgers,,guide,Yes,https://mcdomenuusa.com/burgers-menu/,https://mcdomenuusa.com/menu/burgers-menu/,8,burgers menu | burgers | burgers menu prices | burgers menu menu | burgers menu menu prices | burgers menu with prices | mcdonalds burgers | mcdonalds burgers menu
burgers-cheeseburger,Cheeseburger,product_variant,Burgers,Burgers Menu,item,Yes,https://mcdomenuusa.com/menu/burgers-menu/cheeseburger/,https://mcdomenuusa.com/menu/burgers-menu/,1,cheeseburger
burgers-daily-double,Daily Double,product_variant,Burgers,Burgers Menu,item,Yes,https://mcdomenuusa.com/menu/burgers-menu/daily-double/,https://mcdomenuusa.com/menu/burgers-menu/,1,daily double
burgers-double-cheeseburger,Double Cheeseburger,product_variant,Burgers,Burgers Menu,item,Yes,https://mcdomenuusa.com/menu/burgers-menu/double-cheeseburger/,https://mcdomenuusa.com/menu/burgers-menu/,1,double cheeseburger
burgers-double-quarter-pounder-with-cheese,Double Quarter Pounder with Cheese,product_variant,Burgers,Burgers Menu,item,Yes,https://mcdomenuusa.com/menu/burgers-menu/double-quarter-pounder-with-cheese/,https://mcdomenuusa.com/menu/burgers-menu/,4,double quarter pounder with cheese | double quarter pounder | double quarter pounder w cheese | double quarter pounder cheese
burgers-hamburger,Hamburger,product_variant,Burgers,Burgers Menu,item,Yes,https://mcdomenuusa.com/menu/burgers-menu/hamburger/,https://mcdomenuusa.com/menu/burgers-menu/,1,hamburger
burgers-mcdouble,McDouble,product_variant,Burgers,Burgers Menu,item,Yes,https://mcdomenuusa.com/menu/burgers-menu/mcdouble/,https://mcdomenuusa.com/menu/burgers-menu/,2,mcdouble | mc double
burgers-quarter-pounder-with-cheese,Quarter Pounder with Cheese,product_variant,Burgers,Burgers Menu,item,Yes,https://mcdomenuusa.com/menu/burgers-menu/quarter-pounder-with-cheese/,https://mcdomenuusa.com/menu/burgers-menu/,4,quarter pounder with cheese | quarter pounder | quarter pounder w cheese | quarter pounder cheese
burgers-quarter-pounder-with-cheese-deluxe,Quarter Pounder with Cheese Deluxe,product_variant,Burgers,Burgers Menu,item,Yes,https://mcdomenuusa.com/menu/burgers-menu/quarter-pounder-with-cheese-deluxe/,https://mcdomenuusa.com/menu/burgers-menu/,4,quarter pounder with cheese deluxe | quarter pounder deluxe | quarter pounder w cheese deluxe | quarter pounder cheese deluxe
chicken-fish-menu,Chicken & Fish Menu,menu_guide,Chicken & Fish,,guide,Yes,https://mcdomenuusa.com/chicken-fish-menu/,https://mcdomenuusa.com/menu/chicken-fish/,9,chicken and fish menu | chicken and fish | chicken and fish menu prices | chicken and fish menu menu | chicken and fish menu menu prices | chicken and fish menu with prices | chicken sandwich | fish sandwich | spicy chicken sandwich
chicken-deluxe-mccrispy,Deluxe McCrispy,product_variant,Chicken & Fish,Chicken & Fish Menu,item,Yes,https://mcdomenuusa.com/menu/chicken-fish/deluxe-mccrispy/,https://mcdomenuusa.com/menu/chicken-fish/,2,deluxe mccrispy | deluxe mc crispy
chicken-filet-o-fish,Filet-O-Fish,product_variant,Chicken & Fish,Chicken & Fish Menu,item,Yes,https://mcdomenuusa.com/menu/chicken-fish/filet-o-fish/,https://mcdomenuusa.com/menu/chicken-fish/,4,filet o fish | fish sandwich | filet fish | filet of fish
chicken-mcchicken,McChicken,product_variant,Chicken & Fish,Chicken & Fish Menu,item,Yes,https://mcdomenuusa.com/menu/chicken-fish/mcchicken/,https://mcdomenuusa.com/menu/chicken-fish/,2,mcchicken | mc chicken
chicken-mccrispy,McCrispy,product_variant,Chicken & Fish,Chicken & Fish Menu,item,Yes,https://mcdomenuusa.com/menu/chicken-fish/mccrispy/,https://mcdomenuusa.com/menu/chicken-fish/,2,mccrispy | mc crispy
chicken-spicy-deluxe-mccrispy,Spicy Deluxe McCrispy,product_variant,Chicken & Fish,Chicken & Fish Menu,item,Yes,https://mcdomenuusa.com/menu/chicken-fish/spicy-deluxe-mccrispy/,https://mcdomenuusa.com/menu/chicken-fish/,2,spicy deluxe mccrispy | spicy deluxe mc crispy
chicken-spicy-mccrispy,Spicy McCrispy,product_variant,Chicken & Fish,Chicken & Fish Menu,item,Yes,https://mcdomenuusa.com/menu/chicken-fish/spicy-mccrispy/,https://mcdomenuusa.com/menu/chicken-fish/,2,spicy mccrispy | spicy mc crispy
mcdelivery-guide,McDelivery Guide,service_page,Customer Journey,,support,Yes,https://mcdomenuusa.com/mcdelivery-guide/,,6,mcdelivery | mcdelivery menu | mcdelivery cost | mcdelivery fees | delivery | delivery guide
app-deals,McDonald's App Deals,service_page,Customer Journey,,support,Yes,https://mcdomenuusa.com/mcdonalds-app-deals/,,4,mcdonalds app | mcdonald app | mcdonalds app deals | mcdonalds mobile app
mcdvoice,McDVoice Survey,service_page,Customer Journey,,service,No,https://mcdomenuusa.com/mcdvoice/,,9,mcdvoice | mcvoice | mcdvoice com | mcdvoice com survey | mcdvoice survey | mcdonalds survey | survey code | mcdvoice receipt code | www mcdvoice com
rewards-guide,Rewards Guide,service_page,Customer Journey,,support,Yes,https://mcdomenuusa.com/rewards-guide/,,5,mymcdonalds rewards | mcdonalds rewards | mcdonalds app rewards | mcdonalds rewards points | mcdonalds rewards sign up
sides-apple-slices,Apple Slices,product_variant,Fries & Sides,Fries & Sides,item,Yes,https://mcdomenuusa.com/menu/fries-sides/apple-slices/,https://mcdomenuusa.com/menu/fries-sides/,1,apple slices
fries-sides,Fries & Sides,menu_guide,Fries & Sides,,guide,Yes,https://mcdomenuusa.com/fries-sides/,https://mcdomenuusa.com/menu/fries-sides/,7,fries and sides | fries and sides prices | fries and sides menu | fries and sides menu prices | fries and sides with prices | mcdonalds fries | mcdonalds sides
sides-world-famous-fries,World Famous Fries,product_family,Fries & Sides,Fries & Sides,family_section,Yes,https://mcdomenuusa.com/fries-sides/,https://mcdomenuusa.com/menu/fries-sides/,4,world famous fries | fries | mcdonalds fries | mcdonalds french fries
sides-world-famous-fries-large,World Famous Fries Large,product_variant,Fries & Sides,World Famous Fries,item,Yes,https://mcdomenuusa.com/menu/fries-sides/world-famous-fries-large/,https://mcdomenuusa.com/menu/fries-sides/,5,world famous fries large | fries | french fries | large fry | large fries
sides-world-famous-fries-medium,World Famous Fries Medium,product_variant,Fries & Sides,World Famous Fries,item,Yes,https://mcdomenuusa.com/menu/fries-sides/world-famous-fries-medium/,https://mcdomenuusa.com/menu/fries-sides/,5,world famous fries medium | fries | french fries | medium fry | medium fries
sides-world-famous-fries-small,World Famous Fries Small,product_variant,Fries & Sides,World Famous Fries,item,Yes,https://mcdomenuusa.com/menu/fries-sides/world-famous-fries-small/,https://mcdomenuusa.com/menu/fries-sides/,5,world famous fries small | fries | french fries | small fry | small fries
big-mac-price-uk,Big Mac Price UK,support_page,Geographic Pricing,,support,Yes,https://mcdomenuusa.com/big-mac-price-uk/,,1,big mac price uk
big-mac-price-usa,Big Mac Price USA,support_page,Geographic Pricing,,support,Yes,https://mcdomenuusa.com/big-mac-price-usa/,,3,big mac price usa | big mac price us | how much is a big mac in the us
prices-by-state,Prices by State,support_page,Geographic Pricing,,support,Yes,https://mcdomenuusa.com/mcdonalds-prices-by-state/,,5,prices by state | price by state | big mac prices by state | mcdonalds prices by state | state prices
happy-4-pc-mcnuggets-happy-meal,4 pc McNuggets Happy Meal,product_variant,Happy Meal,Happy Meal,item,Yes,https://mcdomenuusa.com/menu/happy-meal/4-pc-mcnuggets-happy-meal/,https://mcdomenuusa.com/menu/happy-meal/,11,4 pc mcnuggets happy meal | 4 pc mc nuggets happy meal | nuggets | 4 piece mcnugget | 4 piece mcnuggets | 4 piece chicken mcnuggets | 4 piece chicken nuggets | 4 pc nuggets | 4 nuggets | 4 piece happy meal | 4 pc happy meal
happy-6-pc-mcnuggets-happy-meal,6 pc McNuggets Happy Meal,product_variant,Happy Meal,Happy Meal,item,Yes,https://mcdomenuusa.com/menu/happy-meal/6-pc-mcnuggets-happy-meal/,https://mcdomenuusa.com/menu/happy-meal/,11,6 pc mcnuggets happy meal | 6 pc mc nuggets happy meal | nuggets | 6 piece mcnugget | 6 piece mcnuggets | 6 piece chicken mcnuggets | 6 piece chicken nuggets | 6 pc nuggets | 6 nuggets | 6 piece happy meal | 6 pc happy meal
happy-hamburger-happy-meal,Hamburger Happy Meal,product_variant,Happy Meal,Happy Meal,item,Yes,https://mcdomenuusa.com/menu/happy-meal/hamburger-happy-meal/,https://mcdomenuusa.com/menu/happy-meal/,1,hamburger happy meal
happy-meal,Happy Meal,menu_guide,Happy Meal,,guide,Yes,https://mcdomenuusa.com/happy-meal-menu/,https://mcdomenuusa.com/menu/happy-meal/,5,happy meal | happy meal prices | happy meal menu | happy meal menu prices | happy meal with prices
happy-happy-meal,Happy Meal,product_family,Happy Meal,Happy Meal,family_section,Yes,https://mcdomenuusa.com/happy-meal-menu/,https://mcdomenuusa.com/menu/happy-meal/,3,happy meal | happy meals | kids meal
kpop-demon-hunters-meal,KPop Demon Hunters Meal,limited_time_category,Limited Time,,guide,Yes,https://mcdomenuusa.com/limited-time-menu/,https://mcdomenuusa.com/menu/whats-new/,5,kpop demon hunters meal | kpop demon hunters meal prices | kpop demon hunters meal menu | kpop demon hunters meal menu prices | kpop demon hunters meal with prices
limited-time-menu,Limited Time Menu,support_page,Limited Time,,support,Yes,https://mcdomenuusa.com/limited-time-menu/,,5,limited time menu | whats new | new mcdonalds menu items | new mcdonalds items | mcdonalds new items
limited-time-mcrib,McRib,product_family,Limited Time,Limited Time Menu,family_section,No,https://mcdomenuusa.com/limited-time-menu/,https://mcdomenuusa.com/menu/whats-new/,2,mcrib | mcdonalds mcrib
kpop-ramyeon-mcshakertm-fries,Ramyeon McShakerTM Fries,product_variant,Limited Time,KPop Demon Hunters Meal,item,Yes,https://mcdomenuusa.com/menu/whats-new/ramyeon-mcshakertm-fries/,https://mcdomenuusa.com/menu/whats-new/,2,ramyeon mcshakertm fries | ramyeon mc shakertm fries
big-arch,The BIG ARCH,limited_time_category,Limited Time,,guide,Yes,https://mcdomenuusa.com/limited-time-menu/,https://mcdomenuusa.com/menu/whats-new/,5,the big arch | the big arch prices | the big arch menu | the big arch menu prices | the big arch with prices
bigarch-big-archtm,The BIG ARCHTM,product_variant,Limited Time,The BIG ARCH,item,Yes,https://mcdomenuusa.com/menu/whats-new/big-archtm/,https://mcdomenuusa.com/menu/whats-new/,2,the big archtm | big archtm
bigarch-big-archtm-meal,The BIG ARCHTM Meal,product_variant,Limited Time,The BIG ARCH,item,Yes,https://mcdomenuusa.com/menu/whats-new/big-archtm-meal/,https://mcdomenuusa.com/menu/whats-new/,2,the big archtm meal | big archtm meal
kpop-huntrix-meal,The HUNTRIX Meal,product_variant,Limited Time,KPop Demon Hunters Meal,item,Yes,https://mcdomenuusa.com/menu/whats-new/huntrix-meal/,https://mcdomenuusa.com/menu/whats-new/,2,the huntrix meal | huntrix meal
kpop-saja-boys-breakfast-meal,The Saja Boys Breakfast Meal,product_variant,Limited Time,KPop Demon Hunters Meal,item,Yes,https://mcdomenuusa.com/menu/whats-new/saja-boys-breakfast-meal/,https://mcdomenuusa.com/menu/whats-new/,2,the saja boys breakfast meal | saja boys breakfast meal
coffee-americano,Americano,product_family,McCafe Coffees,McCafe Coffees,family_section,Yes,https://mcdomenuusa.com/mccafe-menu/,https://mcdomenuusa.com/menu/mccafe-coffees/,1,americano
coffee-americano-large,Americano Large,product_variant,McCafe Coffees,Americano,item,Yes,https://mcdomenuusa.com/menu/mccafe-coffees/americano-large/,https://mcdomenuusa.com/menu/mccafe-coffees/,1,americano large
coffee-americano-medium,Americano Medium,product_variant,McCafe Coffees,Americano,item,Yes,https://mcdomenuusa.com/menu/mccafe-coffees/americano-medium/,https://mcdomenuusa.com/menu/mccafe-coffees/,1,americano medium
coffee-americano-small,Americano Small,product_variant,McCafe Coffees,Americano,item,Yes,https://mcdomenuusa.com/menu/mccafe-coffees/americano-small/,https://mcdomenuusa.com/menu/mccafe-coffees/,1,americano small
coffee-frappe,Frappe,product_family,McCafe Coffees,McCafe Coffees,family_section,Yes,https://mcdomenuusa.com/mccafe-menu/,https://mcdomenuusa.com/menu/mccafe-coffees/,3,frappe | mcdonalds frappe | mcdonalds frappes
coffee-mccafe-cappuccino,McCafe Cappuccino,product_family,McCafe Coffees,McCafe Coffees,family_section,Yes,https://mcdomenuusa.com/mccafe-menu/,https://mcdomenuusa.com/menu/mccafe-coffees/,2,mccafe cappuccino | cappuccino
coffee-mccafe-cappuccino-large,McCafe Cappuccino Large,product_variant,McCafe Coffees,McCafe Cappuccino,item,Yes,https://mcdomenuusa.com/menu/mccafe-coffees/mccafe-cappuccino-large/,https://mcdomenuusa.com/menu/mccafe-coffees/,3,mccafe cappuccino large | cappuccino large | mc cafe cappuccino large
coffee-mccafe-cappuccino-medium,McCafe Cappuccino Medium,product_variant,McCafe Coffees,McCafe Cappuccino,item,Yes,https://mcdomenuusa.com/menu/mccafe-coffees/mccafe-cappuccino-medium/,https://mcdomenuusa.com/menu/mccafe-coffees/,3,mccafe cappuccino medium | cappuccino medium | mc cafe cappuccino medium
coffee-mccafe-cappuccino-small,McCafe Cappuccino Small,product_variant,McCafe Coffees,McCafe Cappuccino,item,Yes,https://mcdomenuusa.com/menu/mccafe-coffees/mccafe-cappuccino-small/,https://mcdomenuusa.com/menu/mccafe-coffees/,3,mccafe cappuccino small | cappuccino small | mc cafe cappuccino small
coffee-mccafe-caramel-cappuccino,McCafe Caramel Cappuccino,product_family,McCafe Coffees,McCafe Coffees,family_section,Yes,https://mcdomenuusa.com/mccafe-menu/,https://mcdomenuusa.com/menu/mccafe-coffees/,2,mccafe caramel cappuccino | caramel cappuccino
coffee-mccafe-caramel-cappuccino-large,McCafe Caramel Cappuccino Large,product_variant,McCafe Coffees,McCafe Caramel Cappuccino,item,Yes,https://mcdomenuusa.com/menu/mccafe-coffees/mccafe-caramel-cappuccino-large/,https://mcdomenuusa.com/menu/mccafe-coffees/,3,mccafe caramel cappuccino large | caramel cappuccino large | mc cafe caramel cappuccino large
coffee-mccafe-caramel-cappuccino-medium,McCafe Caramel Cappuccino Medium,product_variant,McCafe Coffees,McCafe Caramel Cappuccino,item,Yes,https://mcdomenuusa.com/menu/mccafe-coffees/mccafe-caramel-cappuccino-medium/,https://mcdomenuusa.com/menu/mccafe-coffees/,3,mccafe caramel cappuccino medium | caramel cappuccino medium | mc cafe caramel cappuccino medium
coffee-mccafe-caramel-cappuccino-small,McCafe Caramel Cappuccino Small,product_variant,McCafe Coffees,McCafe Caramel Cappuccino,item,Yes,https://mcdomenuusa.com/menu/mccafe-coffees/mccafe-caramel-cappuccino-small/,https://mcdomenuusa.com/menu/mccafe-coffees/,3,mccafe caramel cappuccino small | caramel cappuccino small | mc cafe caramel cappuccino small
coffee-mccafe-caramel-frappe,McCafe Caramel Frappe,product_family,McCafe Coffees,McCafe Coffees,family_section,Yes,https://mcdomenuusa.com/mccafe-menu/,https://mcdomenuusa.com/menu/mccafe-coffees/,4,mccafe caramel frappe | caramel frappe | frappe | mcdonalds frappe
coffee-mccafe-caramel-frappe-large,McCafe Caramel Frappe Large,product_variant,McCafe Coffees,McCafe Caramel Frappe,item,Yes,https://mcdomenuusa.com/menu/mccafe-coffees/mccafe-caramel-frappe-large/,https://mcdomenuusa.com/menu/mccafe-coffees/,4,mccafe caramel frappe large | caramel frappe large | mc cafe caramel frappe large | caramel frappe
coffee-mccafe-caramel-frappe-medium,McCafe Caramel Frappe Medium,product_variant,McCafe Coffees,McCafe Caramel Frappe,item,Yes,https://mcdomenuusa.com/menu/mccafe-coffees/mccafe-caramel-frappe-medium/,https://mcdomenuusa.com/menu/mccafe-coffees/,4,mccafe caramel frappe medium | caramel frappe medium | mc cafe caramel frappe medium | caramel frappe
coffee-mccafe-caramel-frappe-small,McCafe Caramel Frappe Small,product_variant,McCafe Coffees,McCafe Caramel Frappe,item,Yes,https://mcdomenuusa.com/menu/mccafe-coffees/mccafe-caramel-frappe-small/,https://mcdomenuusa.com/menu/mccafe-coffees/,4,mccafe caramel frappe small | caramel frappe small | mc cafe caramel frappe small | caramel frappe
coffee-mccafe-caramel-latte,McCafe Caramel Latte,product_family,McCafe Coffees,McCafe Coffees,family_section,Yes,https://mcdomenuusa.com/mccafe-menu/,https://mcdomenuusa.com/menu/mccafe-coffees/,2,mccafe caramel latte | caramel latte
coffee-mccafe-caramel-latte-large,McCafe Caramel Latte Large,product_variant,McCafe Coffees,McCafe Caramel Latte,item,Yes,https://mcdomenuusa.com/menu/mccafe-coffees/mccafe-caramel-latte-large/,https://mcdomenuusa.com/menu/mccafe-coffees/,3,mccafe caramel latte large | caramel latte large | mc cafe caramel latte large
coffee-mccafe-caramel-latte-medium,McCafe Caramel Latte Medium,product_variant,McCafe Coffees,McCafe Caramel Latte,item,Yes,https://mcdomenuusa.com/menu/mccafe-coffees/mccafe-caramel-latte-medium/,https://mcdomenuusa.com/menu/mccafe-coffees/,3,mccafe caramel latte medium | caramel latte medium | mc cafe caramel latte medium
coffee-mccafe-caramel-latte-small,McCafe Caramel Latte Small,product_variant,McCafe Coffees,McCafe Caramel Latte,item,Yes,https://mcdomenuusa.com/menu/mccafe-coffees/mccafe-caramel-latte-small/,https://mcdomenuusa.com/menu/mccafe-coffees/,3,mccafe caramel latte small | caramel latte small | mc cafe caramel latte small
coffee-mccafe-caramel-macchiato,McCafe Caramel Macchiato,product_family,McCafe Coffees,McCafe Coffees,family_section,Yes,https://mcdomenuusa.com/mccafe-menu/,https://mcdomenuusa.com/menu/mccafe-coffees/,2,mccafe caramel macchiato | caramel macchiato
coffee-mccafe-caramel-macchiato-large,McCafe Caramel Macchiato Large,product_variant,McCafe Coffees,McCafe Caramel Macchiato,item,Yes,https://mcdomenuusa.com/menu/mccafe-coffees/mccafe-caramel-macchiato-large/,https://mcdomenuusa.com/menu/mccafe-coffees/,3,mccafe caramel macchiato large | caramel macchiato large | mc cafe caramel macchiato large
coffee-mccafe-caramel-macchiato-medium,McCafe Caramel Macchiato Medium,product_variant,McCafe Coffees,McCafe Caramel Macchiato,item,Yes,https://mcdomenuusa.com/menu/mccafe-coffees/mccafe-caramel-macchiato-medium/,https://mcdomenuusa.com/menu/mccafe-coffees/,3,mccafe caramel macchiato medium | caramel macchiato medium | mc cafe caramel macchiato medium
coffee-mccafe-caramel-macchiato-small,McCafe Caramel Macchiato Small,product_variant,McCafe Coffees,McCafe Caramel Macchiato,item,Yes,https://mcdomenuusa.com/menu/mccafe-coffees/mccafe-caramel-macchiato-small/,https://mcdomenuusa.com/menu/mccafe-coffees/,3,mccafe caramel macchiato small | caramel macchiato small | mc cafe caramel macchiato small
mccafe-coffees,McCafe Coffees,menu_guide,McCafe Coffees,,guide,Yes,https://mcdomenuusa.com/mccafe-menu/,https://mcdomenuusa.com/menu/mccafe-coffees/,10,mccafe coffees | mccafe coffees prices | mccafe coffees menu | mccafe coffees menu prices | mccafe coffees with prices | mccafe | mc cafe | mcdonalds coffee | mcdonalds mccafe | mcdonalds coffee menu
coffee-mccafe-french-vanilla-cappuccino,McCafe French Vanilla Cappuccino,product_family,McCafe Coffees,McCafe Coffees,family_section,Yes,https://mcdomenuusa.com/mccafe-menu/,https://mcdomenuusa.com/menu/mccafe-coffees/,2,mccafe french vanilla cappuccino | french vanilla cappuccino
coffee-mccafe-french-vanilla-cappuccino-large,McCafe French Vanilla Cappuccino Large,product_variant,McCafe Coffees,McCafe French Vanilla Cappuccino,item,Yes,https://mcdomenuusa.com/menu/mccafe-coffees/mccafe-french-vanilla-cappuccino-large/,https://mcdomenuusa.com/menu/mccafe-coffees/,3,mccafe french vanilla cappuccino large | french vanilla cappuccino large | mc cafe french vanilla cappuccino large
coffee-mccafe-french-vanilla-cappuccino-medium,McCafe French Vanilla Cappuccino Medium,product_variant,McCafe Coffees,McCafe French Vanilla Cappuccino,item,Yes,https://mcdomenuusa.com/menu/mccafe-coffees/mccafe-french-vanilla-cappuccino-medium/,https://mcdomenuusa.com/menu/mccafe-coffees/,3,mccafe french vanilla cappuccino medium | french vanilla cappuccino medium | mc cafe french vanilla cappuccino medium
coffee-mccafe-french-vanilla-cappuccino-small,McCafe French Vanilla Cappuccino Small,product_variant,McCafe Coffees,McCafe French Vanilla Cappuccino,item,Yes,https://mcdomenuusa.com/menu/mccafe-coffees/mccafe-french-vanilla-cappuccino-small/,https://mcdomenuusa.com/menu/mccafe-coffees/,3,mccafe french vanilla cappuccino small | french vanilla cappuccino small | mc cafe french vanilla cappuccino small
coffee-mccafe-french-vanilla-latte,McCafe French Vanilla Latte,product_family,McCafe Coffees,McCafe Coffees,family_section,Yes,https://mcdomenuusa.com/mccafe-menu/,https://mcdomenuusa.com/menu/mccafe-coffees/,2,mccafe french vanilla latte | french vanilla latte
coffee-mccafe-french-vanilla-latte-large,McCafe French Vanilla Latte Large,product_variant,McCafe Coffees,McCafe French Vanilla Latte,item,Yes,https://mcdomenuusa.com/menu/mccafe-coffees/mccafe-french-vanilla-latte-large/,https://mcdomenuusa.com/menu/mccafe-coffees/,3,mccafe french vanilla latte large | french vanilla latte large | mc cafe french vanilla latte large
coffee-mccafe-french-vanilla-latte-medium,McCafe French Vanilla Latte Medium,product_variant,McCafe Coffees,McCafe French Vanilla Latte,item,Yes,https://mcdomenuusa.com/menu/mccafe-coffees/mccafe-french-vanilla-latte-medium/,https://mcdomenuusa.com/menu/mccafe-coffees/,3,mccafe french vanilla latte medium | french vanilla latte medium | mc cafe french vanilla latte medium
coffee-mccafe-french-vanilla-latte-small,McCafe French Vanilla Latte Small,product_variant,McCafe Coffees,McCafe French Vanilla Latte,item,Yes,https://mcdomenuusa.com/menu/mccafe-coffees/mccafe-french-vanilla-latte-small/,https://mcdomenuusa.com/menu/mccafe-coffees/,3,mccafe french vanilla latte small | french vanilla latte small | mc cafe french vanilla latte small
coffee-mccafe-hot-chocolate,McCafe Hot Chocolate,product_family,McCafe Coffees,McCafe Coffees,family_section,Yes,https://mcdomenuusa.com/mccafe-menu/,https://mcdomenuusa.com/menu/mccafe-coffees/,4,mccafe hot chocolate | hot cocoa | hot coco | hot chocolate
coffee-mccafe-hot-chocolate-large,McCafe Hot Chocolate Large,product_variant,McCafe Coffees,McCafe Hot Chocolate,item,Yes,https://mcdomenuusa.com/menu/mccafe-coffees/mccafe-hot-chocolate-large/,https://mcdomenuusa.com/menu/mccafe-coffees/,3,mccafe hot chocolate large | hot chocolate large | mc cafe hot chocolate large
coffee-mccafe-hot-chocolate-medium,McCafe Hot Chocolate Medium,product_variant,McCafe Coffees,McCafe Hot Chocolate,item,Yes,https://mcdomenuusa.com/menu/mccafe-coffees/mccafe-hot-chocolate-medium/,https://mcdomenuusa.com/menu/mccafe-coffees/,3,mccafe hot chocolate medium | hot chocolate medium | mc cafe hot chocolate medium
coffee-mccafe-hot-chocolate-small,McCafe Hot Chocolate Small,product_variant,McCafe Coffees,McCafe Hot Chocolate,item,Yes,https://mcdomenuusa.com/menu/mccafe-coffees/mccafe-hot-chocolate-small/,https://mcdomenuusa.com/menu/mccafe-coffees/,3,mccafe hot chocolate small | hot chocolate small | mc cafe hot chocolate small
coffee-mccafe-iced-caramel-coffee,McCafe Iced Caramel Coffee,product_family,McCafe Coffees,McCafe Coffees,family_section,Yes,https://mcdomenuusa.com/mccafe-menu/,https://mcdomenuusa.com/menu/mccafe-coffees/,2,mccafe iced caramel coffee | iced caramel coffee
coffee-mccafe-iced-caramel-coffee-medium,McCafe Iced Caramel Coffee Medium,product_variant,McCafe Coffees,McCafe Iced Caramel Coffee,item,Yes,https://mcdomenuusa.com/menu/mccafe-coffees/mccafe-iced-caramel-coffee-medium/,https://mcdomenuusa.com/menu/mccafe-coffees/,3,mccafe iced caramel coffee medium | iced caramel coffee medium | mc cafe iced caramel coffee medium
coffee-mccafe-iced-caramel-coffee-small,McCafe Iced Caramel Coffee Small,product_variant,McCafe Coffees,McCafe Iced Caramel Coffee,item,Yes,https://mcdomenuusa.com/menu/mccafe-coffees/mccafe-iced-caramel-coffee-small/,https://mcdomenuusa.com/menu/mccafe-coffees/,3,mccafe iced caramel coffee small | iced caramel coffee small | mc cafe iced caramel coffee small
coffee-mccafe-iced-caramel-latte,McCafe Iced Caramel Latte,product_family,McCafe Coffees,McCafe Coffees,family_section,Yes,https://mcdomenuusa.com/mccafe-menu/,https://mcdomenuusa.com/menu/mccafe-coffees/,2,mccafe iced caramel latte | iced caramel latte
coffee-mccafe-iced-caramel-latte-medium,McCafe Iced Caramel Latte Medium,product_variant,McCafe Coffees,McCafe Iced Caramel Latte,item,Yes,https://mcdomenuusa.com/menu/mccafe-coffees/mccafe-iced-caramel-latte-medium/,https://mcdomenuusa.com/menu/mccafe-coffees/,3,mccafe iced caramel latte medium | iced caramel latte medium | mc cafe iced caramel latte medium
coffee-mccafe-iced-caramel-latte-small,McCafe Iced Caramel Latte Small,product_variant,McCafe Coffees,McCafe Iced Caramel Latte,item,Yes,https://mcdomenuusa.com/menu/mccafe-coffees/mccafe-iced-caramel-latte-small/,https://mcdomenuusa.com/menu/mccafe-coffees/,3,mccafe iced caramel latte small | iced caramel latte small | mc cafe iced caramel latte small
coffee-mccafe-iced-caramel-macchiato,McCafe Iced Caramel Macchiato,product_family,McCafe Coffees,McCafe Coffees,family_section,Yes,https://mcdomenuusa.com/mccafe-menu/,https://mcdomenuusa.com/menu/mccafe-coffees/,2,mccafe iced caramel macchiato | iced caramel macchiato
coffee-mccafe-iced-caramel-macchiato-medium,McCafe Iced Caramel Macchiato Medium,product_variant,McCafe Coffees,McCafe Iced Caramel Macchiato,item,Yes,https://mcdomenuusa.com/menu/mccafe-coffees/mccafe-iced-caramel-macchiato-medium/,https://mcdomenuusa.com/menu/mccafe-coffees/,3,mccafe iced caramel macchiato medium | iced caramel macchiato medium | mc cafe iced caramel macchiato medium
coffee-mccafe-iced-caramel-macchiato-small,McCafe Iced Caramel Macchiato Small,product_variant,McCafe Coffees,McCafe Iced Caramel Macchiato,item,Yes,https://mcdomenuusa.com/menu/mccafe-coffees/mccafe-iced-caramel-macchiato-small/,https://mcdomenuusa.com/menu/mccafe-coffees/,3,mccafe iced caramel macchiato small | iced caramel macchiato small | mc cafe iced caramel macchiato small
coffee-mccafe-iced-coffee,McCafe Iced Coffee,product_family,McCafe Coffees,McCafe Coffees,family_section,Yes,https://mcdomenuusa.com/mccafe-menu/,https://mcdomenuusa.com/menu/mccafe-coffees/,2,mccafe iced coffee | iced coffee
coffee-mccafe-iced-coffee-large,McCafe Iced Coffee Large,product_variant,McCafe Coffees,McCafe Iced Coffee,item,Yes,https://mcdomenuusa.com/menu/mccafe-coffees/mccafe-iced-coffee-large/,https://mcdomenuusa.com/menu/mccafe-coffees/,4,mccafe iced coffee large | iced coffee large | mc cafe iced coffee large | iced coffee
coffee-mccafe-iced-coffee-medium,McCafe Iced Coffee Medium,product_variant,McCafe Coffees,McCafe Iced Coffee,item,Yes,https://mcdomenuusa.com/menu/mccafe-coffees/mccafe-iced-coffee-medium/,https://mcdomenuusa.com/menu/mccafe-coffees/,4,mccafe iced coffee medium | iced coffee medium | mc cafe iced coffee medium | iced coffee
coffee-mccafe-iced-coffee-small,McCafe Iced Coffee Small,product_variant,McCafe Coffees,McCafe Iced Coffee,item,Yes,https://mcdomenuusa.com/menu/mccafe-coffees/mccafe-iced-coffee-small/,https://mcdomenuusa.com/menu/mccafe-coffees/,4,mccafe iced coffee small | iced coffee small | mc cafe iced coffee small | iced coffee
coffee-mccafe-iced-french-vanilla-coffee,McCafe Iced French Vanilla Coffee,product_family,McCafe Coffees,McCafe Coffees,family_section,Yes,https://mcdomenuusa.com/mccafe-menu/,https://mcdomenuusa.com/menu/mccafe-coffees/,2,mccafe iced french vanilla coffee | iced french vanilla coffee
coffee-mccafe-iced-french-vanilla-coffee-medium,McCafe Iced French Vanilla Coffee Medium,product_variant,McCafe Coffees,McCafe Iced French Vanilla Coffee,item,Yes,https://mcdomenuusa.com/menu/mccafe-coffees/mccafe-iced-french-vanilla-coffee-medium/,https://mcdomenuusa.com/menu/mccafe-coffees/,3,mccafe iced french vanilla coffee medium | iced french vanilla coffee medium | mc cafe iced french vanilla coffee medium
coffee-mccafe-iced-french-vanilla-coffee-small,McCafe Iced French Vanilla Coffee Small,product_variant,McCafe Coffees,McCafe Iced French Vanilla Coffee,item,Yes,https://mcdomenuusa.com/menu/mccafe-coffees/mccafe-iced-french-vanilla-coffee-small/,https://mcdomenuusa.com/menu/mccafe-coffees/,3,mccafe iced french vanilla coffee small | iced french vanilla coffee small | mc cafe iced french vanilla coffee small
coffee-mccafe-iced-french-vanilla-latte,McCafe Iced French Vanilla Latte,product_family,McCafe Coffees,McCafe Coffees,family_section,Yes,https://mcdomenuusa.com/mccafe-menu/,https://mcdomenuusa.com/menu/mccafe-coffees/,2,mccafe iced french vanilla latte | iced french vanilla latte
coffee-mccafe-iced-french-vanilla-latte-medium,McCafe Iced French Vanilla Latte Medium,product_variant,McCafe Coffees,McCafe Iced French Vanilla Latte,item,Yes,https://mcdomenuusa.com/menu/mccafe-coffees/mccafe-iced-french-vanilla-latte-medium/,https://mcdomenuusa.com/menu/mccafe-coffees/,3,mccafe iced french vanilla latte medium | iced french vanilla latte medium | mc cafe iced french vanilla latte medium
coffee-mccafe-iced-french-vanilla-latte-small,McCafe Iced French Vanilla Latte Small,product_variant,McCafe Coffees,McCafe Iced French Vanilla Latte,item,Yes,https://mcdomenuusa.com/menu/mccafe-coffees/mccafe-iced-french-vanilla-latte-small/,https://mcdomenuusa.com/menu/mccafe-coffees/,3,mccafe iced french vanilla latte small | iced french vanilla latte small | mc cafe iced french vanilla latte small
coffee-mccafe-iced-latte,McCafe Iced Latte,product_family,McCafe Coffees,McCafe Coffees,family_section,Yes,https://mcdomenuusa.com/mccafe-menu/,https://mcdomenuusa.com/menu/mccafe-coffees/,2,mccafe iced latte | iced latte
coffee-mccafe-iced-latte-large,McCafe Iced Latte Large,product_variant,McCafe Coffees,McCafe Iced Latte,item,Yes,https://mcdomenuusa.com/menu/mccafe-coffees/mccafe-iced-latte-large/,https://mcdomenuusa.com/menu/mccafe-coffees/,3,mccafe iced latte large | iced latte large | mc cafe iced latte large
coffee-mccafe-iced-latte-medium,McCafe Iced Latte Medium,product_variant,McCafe Coffees,McCafe Iced Latte,item,Yes,https://mcdomenuusa.com/menu/mccafe-coffees/mccafe-iced-latte-medium/,https://mcdomenuusa.com/menu/mccafe-coffees/,3,mccafe iced latte medium | iced latte medium | mc cafe iced latte medium
coffee-mccafe-iced-latte-small,McCafe Iced Latte Small,product_variant,McCafe Coffees,McCafe Iced Latte,item,Yes,https://mcdomenuusa.com/menu/mccafe-coffees/mccafe-iced-latte-small/,https://mcdomenuusa.com/menu/mccafe-coffees/,3,mccafe iced latte small | iced latte small | mc cafe iced latte small
coffee-mccafe-iced-mocha-latte,McCafe Iced Mocha Latte,product_family,McCafe Coffees,McCafe Coffees,family_section,Yes,https://mcdomenuusa.com/mccafe-menu/,https://mcdomenuusa.com/menu/mccafe-coffees/,2,mccafe iced mocha latte | iced mocha latte
coffee-mccafe-iced-mocha-latte-medium,McCafe Iced Mocha Latte Medium,product_variant,McCafe Coffees,McCafe Iced Mocha Latte,item,Yes,https://mcdomenuusa.com/menu/mccafe-coffees/mccafe-iced-mocha-latte-medium/,https://mcdomenuusa.com/menu/mccafe-coffees/,3,mccafe iced mocha latte medium | iced mocha latte medium | mc cafe iced mocha latte medium
coffee-mccafe-iced-mocha-latte-small,McCafe Iced Mocha Latte Small,product_variant,McCafe Coffees,McCafe Iced Mocha Latte,item,Yes,https://mcdomenuusa.com/menu/mccafe-coffees/mccafe-iced-mocha-latte-small/,https://mcdomenuusa.com/menu/mccafe-coffees/,3,mccafe iced mocha latte small | iced mocha latte small | mc cafe iced mocha latte small
coffee-mccafe-latte,McCafe Latte,product_family,McCafe Coffees,McCafe Coffees,family_section,Yes,https://mcdomenuusa.com/mccafe-menu/,https://mcdomenuusa.com/menu/mccafe-coffees/,2,mccafe latte | latte
coffee-mccafe-latte-large,McCafe Latte Large,product_variant,McCafe Coffees,McCafe Latte,item,Yes,https://mcdomenuusa.com/menu/mccafe-coffees/mccafe-latte-large/,https://mcdomenuusa.com/menu/mccafe-coffees/,3,mccafe latte large | latte large | mc cafe latte large
coffee-mccafe-latte-medium,McCafe Latte Medium,product_variant,McCafe Coffees,McCafe Latte,item,Yes,https://mcdomenuusa.com/menu/mccafe-coffees/mccafe-latte-medium/,https://mcdomenuusa.com/menu/mccafe-coffees/,3,mccafe latte medium | latte medium | mc cafe latte medium
coffee-mccafe-latte-small,McCafe Latte Small,product_variant,McCafe Coffees,McCafe Latte,item,Yes,https://mcdomenuusa.com/menu/mccafe-coffees/mccafe-latte-small/,https://mcdomenuusa.com/menu/mccafe-coffees/,3,mccafe latte small | latte small | mc cafe latte small
coffee-mccafe-mocha-frappe,McCafe Mocha Frappe,product_family,McCafe Coffees,McCafe Coffees,family_section,Yes,https://mcdomenuusa.com/mccafe-menu/,https://mcdomenuusa.com/menu/mccafe-coffees/,4,mccafe mocha frappe | mocha frappe | frappe | mcdonalds frappe
coffee-mccafe-mocha-frappe-large,McCafe Mocha Frappe Large,product_variant,McCafe Coffees,McCafe Mocha Frappe,item,Yes,https://mcdomenuusa.com/menu/mccafe-coffees/mccafe-mocha-frappe-large/,https://mcdomenuusa.com/menu/mccafe-coffees/,4,mccafe mocha frappe large | mocha frappe large | mc cafe mocha frappe large | mocha frappe
coffee-mccafe-mocha-frappe-medium,McCafe Mocha Frappe Medium,product_variant,McCafe Coffees,McCafe Mocha Frappe,item,Yes,https://mcdomenuusa.com/menu/mccafe-coffees/mccafe-mocha-frappe-medium/,https://mcdomenuusa.com/menu/mccafe-coffees/,4,mccafe mocha frappe medium | mocha frappe medium | mc cafe mocha frappe medium | mocha frappe
coffee-mccafe-mocha-frappe-small,McCafe Mocha Frappe Small,product_variant,McCafe Coffees,McCafe Mocha Frappe,item,Yes,https://mcdomenuusa.com/menu/mccafe-coffees/mccafe-mocha-frappe-small/,https://mcdomenuusa.com/menu/mccafe-coffees/,4,mccafe mocha frappe small | mocha frappe small | mc cafe mocha frappe small | mocha frappe
coffee-mccafe-mocha-latte,McCafe Mocha Latte,product_family,McCafe Coffees,McCafe Coffees,family_section,Yes,https://mcdomenuusa.com/mccafe-menu/,https://mcdomenuusa.com/menu/mccafe-coffees/,2,mccafe mocha latte | mocha latte
coffee-mccafe-mocha-latte-large,McCafe Mocha Latte Large,product_variant,McCafe Coffees,McCafe Mocha Latte,item,Yes,https://mcdomenuusa.com/menu/mccafe-coffees/mccafe-mocha-latte-large/,https://mcdomenuusa.com/menu/mccafe-coffees/,3,mccafe mocha latte large | mocha latte large | mc cafe mocha latte large
coffee-mccafe-mocha-latte-medium,McCafe Mocha Latte Medium,product_variant,McCafe Coffees,McCafe Mocha Latte,item,Yes,https://mcdomenuusa.com/menu/mccafe-coffees/mccafe-mocha-latte-medium/,https://mcdomenuusa.com/menu/mccafe-coffees/,3,mccafe mocha latte medium | mocha latte medium | mc cafe mocha latte medium
coffee-mccafe-mocha-latte-small,McCafe Mocha Latte Small,product_variant,McCafe Coffees,McCafe Mocha Latte,item,Yes,https://mcdomenuusa.com/menu/mccafe-coffees/mccafe-mocha-latte-small/,https://mcdomenuusa.com/menu/mccafe-coffees/,3,mccafe mocha latte small | mocha latte small | mc cafe mocha latte small
coffee-premium-roast-coffee,Premium Roast Coffee,product_variant,McCafe Coffees,McCafe Coffees,item,Yes,https://mcdomenuusa.com/menu/mccafe-coffees/premium-roast-coffee/,https://mcdomenuusa.com/menu/mccafe-coffees/,4,premium roast coffee | mcdonalds coffee | mcdonalds hot coffee | hot coffee
nuggets-10-pc-chicken-mcnuggets,10 pc Chicken McNuggets,product_variant,McNuggets & Strips,Chicken McNuggets,item,Yes,https://mcdomenuusa.com/menu/mcnuggets-strips/10-pc-chicken-mcnuggets/,https://mcdomenuusa.com/menu/mcnuggets-strips/,10,10 pc chicken mcnuggets | 10 pc chicken mc nuggets | 10 pc mcnuggets | nuggets | 10 piece mcnugget | 10 piece mcnuggets | 10 piece chicken mcnuggets | 10 piece chicken nuggets | 10 pc nuggets | 10 nuggets
nuggets-20-pc-chicken-mcnuggets,20 pc Chicken McNuggets,product_variant,McNuggets & Strips,Chicken McNuggets,item,Yes,https://mcdomenuusa.com/menu/mcnuggets-strips/20-pc-chicken-mcnuggets/,https://mcdomenuusa.com/menu/mcnuggets-strips/,10,20 pc chicken mcnuggets | 20 pc chicken mc nuggets | 20 pc mcnuggets | nuggets | 20 piece mcnugget | 20 piece mcnuggets | 20 piece chicken mcnuggets | 20 piece chicken nuggets | 20 pc nuggets | 20 nuggets
nuggets-4-pc-chicken-mcnuggets,4 pc Chicken McNuggets,product_variant,McNuggets & Strips,Chicken McNuggets,item,Yes,https://mcdomenuusa.com/menu/mcnuggets-strips/4-pc-chicken-mcnuggets/,https://mcdomenuusa.com/menu/mcnuggets-strips/,10,4 pc chicken mcnuggets | 4 pc chicken mc nuggets | 4 pc mcnuggets | nuggets | 4 piece mcnugget | 4 piece mcnuggets | 4 piece chicken mcnuggets | 4 piece chicken nuggets | 4 pc nuggets | 4 nuggets
nuggets-40-pc-chicken-mcnuggets,40 pc Chicken McNuggets,product_variant,McNuggets & Strips,Chicken McNuggets,item,Yes,https://mcdomenuusa.com/menu/mcnuggets-strips/40-pc-chicken-mcnuggets/,https://mcdomenuusa.com/menu/mcnuggets-strips/,10,40 pc chicken mcnuggets | 40 pc chicken mc nuggets | 40 pc mcnuggets | nuggets | 40 piece mcnugget | 40 piece mcnuggets | 40 piece chicken mcnuggets | 40 piece chicken nuggets | 40 pc nuggets | 40 nuggets
nuggets-6-pc-chicken-mcnuggets,6 pc Chicken McNuggets,product_variant,McNuggets & Strips,Chicken McNuggets,item,Yes,https://mcdomenuusa.com/menu/mcnuggets-strips/6-pc-chicken-mcnuggets/,https://mcdomenuusa.com/menu/mcnuggets-strips/,10,6 pc chicken mcnuggets | 6 pc chicken mc nuggets | 6 pc mcnuggets | nuggets | 6 piece mcnugget | 6 piece mcnuggets | 6 piece chicken mcnuggets | 6 piece chicken nuggets | 6 pc nuggets | 6 nuggets
nuggets-chicken-mcnuggets,Chicken McNuggets,product_family,McNuggets & Strips,McNuggets & Strips,family_section,Yes,https://mcdomenuusa.com/nuggets-and-strips/,https://mcdomenuusa.com/menu/mcnuggets-strips/,5,chicken mcnuggets | mcnuggets | chicken nuggets | nuggets | mcnugget
nuggets-mccrispy-strips,McCrispy Strips,product_variant,McNuggets & Strips,McNuggets & Strips,item,Yes,https://mcdomenuusa.com/menu/mcnuggets-strips/mccrispy-strips/,https://mcdomenuusa.com/menu/mcnuggets-strips/,4,mccrispy strips | chicken strips | mcdonalds chicken strips | mc crispy strips
mcnuggets-strips,McNuggets & Strips,menu_guide,McNuggets & Strips,,guide,Yes,https://mcdomenuusa.com/nuggets-and-strips/,https://mcdomenuusa.com/menu/mcnuggets-strips/,9,mcnuggets and strips | mcnuggets and strips prices | mcnuggets and strips menu | mcnuggets and strips menu prices | mcnuggets and strips with prices | 10 piece nugget | 20 piece nugget | 40 piece nugget | 6 piece nugget
calorie-counter,Calorie Counter,tool_page,Nutrition,,tool,Yes,https://mcdomenuusa.com/calorie-counter/,,2,calorie counter | mcdonalds calorie counter
nutrition-guide,"Nutrition, Calories & Allergens",support_page,Nutrition,,support,Yes,https://mcdomenuusa.com/mcdonalds-nutrition-calories-allergens/,,7,mcdonalds nutrition | mcdonalds calories | mcdonalds allergens | mcdonalds allergen guide | mcdonalds ingredients | mcdonalds vegan | mcdonalds vegetarian
vegan-options,Vegan Options,support_page,Nutrition,,support,Yes,https://mcdomenuusa.com/vegan-options/,,4,vegan options | is mcdonalds vegan | mcdonalds vegan options | vegetarian options
sauce-creamy-chili-mccrispy-strip-dip,Creamy Chili McCrispy Strip Dip,product_variant,Sauces & Condiments,Sauces & Condiments,item,Yes,https://mcdomenuusa.com/menu/sauces-condiments/creamy-chili-mccrispy-strip-dip/,https://mcdomenuusa.com/menu/sauces-condiments/,2,creamy chili mccrispy strip dip | creamy chili mc crispy strip dip
sauce-creamy-ranch-sauce,Creamy Ranch Sauce,product_variant,Sauces & Condiments,Sauces & Condiments,item,Yes,https://mcdomenuusa.com/menu/sauces-condiments/creamy-ranch-sauce/,https://mcdomenuusa.com/menu/sauces-condiments/,3,creamy ranch sauce | ranch | ranch sauce
sauce-demon-sauce,Demon Sauce,product_variant,Sauces & Condiments,Sauces & Condiments,item,Yes,https://mcdomenuusa.com/menu/sauces-condiments/demon-sauce/,https://mcdomenuusa.com/menu/sauces-condiments/,1,demon sauce
sauce-honey,Honey,product_variant,Sauces & Condiments,Sauces & Condiments,item,Yes,https://mcdomenuusa.com/menu/sauces-condiments/honey/,https://mcdomenuusa.com/menu/sauces-condiments/,1,honey
sauce-honey-mustard-sauce,Honey Mustard Sauce,product_variant,Sauces & Condiments,Sauces & Condiments,item,Yes,https://mcdomenuusa.com/menu/sauces-condiments/honey-mustard-sauce/,https://mcdomenuusa.com/menu/sauces-condiments/,1,honey mustard sauce
sauce-hunter-sauce,Hunter Sauce,product_variant,Sauces & Condiments,Sauces & Condiments,item,Yes,https://mcdomenuusa.com/menu/sauces-condiments/hunter-sauce/,https://mcdomenuusa.com/menu/sauces-condiments/,1,hunter sauce
sauce-ketchup-packet,Ketchup Packet,product_variant,Sauces & Condiments,Sauces & Condiments,item,Yes,https://mcdomenuusa.com/menu/sauces-condiments/ketchup-packet/,https://mcdomenuusa.com/menu/sauces-condiments/,1,ketchup packet
sauce-mayonnaise-packet,Mayonnaise Packet,product_variant,Sauces & Condiments,Sauces & Condiments,item,Yes,https://mcdomenuusa.com/menu/sauces-condiments/mayonnaise-packet/,https://mcdomenuusa.com/menu/sauces-condiments/,1,mayonnaise packet
sauce-mustard-packet,Mustard Packet,product_variant,Sauces & Condiments,Sauces & Condiments,item,Yes,https://mcdomenuusa.com/menu/sauces-condiments/mustard-packet/,https://mcdomenuusa.com/menu/sauces-condiments/,1,mustard packet
sauces-condiments,Sauces & Condiments,menu_guide,Sauces & Condiments,,guide,Yes,https://mcdomenuusa.com/sauces-condiments/,https://mcdomenuusa.com/menu/sauces-condiments/,8,sauces and condiments | sauces and condiments prices | sauces and condiments menu | sauces and condiments menu prices | sauces and condiments with prices | sauces | mcdonalds sauces | mcdonald sauces
sauce-spicy-buffalo-sauce,Spicy Buffalo Sauce,product_variant,Sauces & Condiments,Sauces & Condiments,item,Yes,https://mcdomenuusa.com/menu/sauces-condiments/spicy-buffalo-sauce/,https://mcdomenuusa.com/menu/sauces-condiments/,2,spicy buffalo sauce | buffalo sauce
sauce-sweet-n-sour-sauce,Sweet 'N Sour Sauce,product_variant,Sauces & Condiments,Sauces & Condiments,item,Yes,https://mcdomenuusa.com/menu/sauces-condiments/sweet-n-sour-sauce/,https://mcdomenuusa.com/menu/sauces-condiments/,2,sweet n sour sauce | sweet and sour sauce
sauce-tangy-barbecue-sauce,Tangy Barbecue Sauce,product_variant,Sauces & Condiments,Sauces & Condiments,item,Yes,https://mcdomenuusa.com/menu/sauces-condiments/tangy-barbecue-sauce/,https://mcdomenuusa.com/menu/sauces-condiments/,2,tangy barbecue sauce | bbq sauce
wrap-ranch-snack-wrap,Ranch Snack Wrap,product_variant,Snack Wrap,Snack Wrap,item,Yes,https://mcdomenuusa.com/menu/snack-wrap/ranch-snack-wrap/,https://mcdomenuusa.com/menu/snack-wrap/,1,ranch snack wrap
snack-wrap,Snack Wrap,menu_guide,Snack Wrap,,guide,Yes,https://mcdomenuusa.com/snack-wrap/,https://mcdomenuusa.com/menu/snack-wrap/,5,snack wrap | snack wrap prices | snack wrap menu | snack wrap menu prices | snack wrap with prices
wrap-spicy-snack-wrap,Spicy Snack Wrap,product_variant,Snack Wrap,Snack Wrap,item,Yes,https://mcdomenuusa.com/menu/snack-wrap/spicy-snack-wrap/,https://mcdomenuusa.com/menu/snack-wrap/,1,spicy snack wrap
sweets-baked-apple-pie,Baked Apple Pie,product_variant,Sweets & Treats,Sweets & Treats,item,Yes,https://mcdomenuusa.com/menu/sweets-treats/baked-apple-pie/,https://mcdomenuusa.com/menu/sweets-treats/,2,baked apple pie | apple pie
sweets-chocolate-chip-cookie,Chocolate Chip Cookie,product_variant,Sweets & Treats,Sweets & Treats,item,Yes,https://mcdomenuusa.com/menu/sweets-treats/chocolate-chip-cookie/,https://mcdomenuusa.com/menu/sweets-treats/,3,chocolate chip cookie | cookies | mcdonalds cookies
sweets-chocolate-chip-cookies,Chocolate Chip Cookies,product_variant,Sweets & Treats,Sweets & Treats,item,Yes,https://mcdomenuusa.com/menu/sweets-treats/chocolate-chip-cookies/,https://mcdomenuusa.com/menu/sweets-treats/,3,chocolate chip cookies | cookies | mcdonalds cookies
sweets-chocolate-shake,Chocolate Shake,product_family,Sweets & Treats,Sweets & Treats,family_section,Yes,https://mcdomenuusa.com/sweets-treats/,https://mcdomenuusa.com/menu/sweets-treats/,1,chocolate shake
sweets-chocolate-shake-large,Chocolate Shake Large,product_variant,Sweets & Treats,Chocolate Shake,item,Yes,https://mcdomenuusa.com/menu/sweets-treats/chocolate-shake-large/,https://mcdomenuusa.com/menu/sweets-treats/,1,chocolate shake large
sweets-chocolate-shake-medium,Chocolate Shake Medium,product_variant,Sweets & Treats,Chocolate Shake,item,Yes,https://mcdomenuusa.com/menu/sweets-treats/chocolate-shake-medium/,https://mcdomenuusa.com/menu/sweets-treats/,1,chocolate shake medium
sweets-chocolate-shake-small,Chocolate Shake Small,product_variant,Sweets & Treats,Chocolate Shake,item,Yes,https://mcdomenuusa.com/menu/sweets-treats/chocolate-shake-small/,https://mcdomenuusa.com/menu/sweets-treats/,1,chocolate shake small
sweets-cookies,Cookies,product_family,Sweets & Treats,Sweets & Treats,family_section,Yes,https://mcdomenuusa.com/sweets-treats/,https://mcdomenuusa.com/menu/sweets-treats/,3,cookies | mcdonalds cookies | mcdonalds cookie
sweets-derpy-mcflurry,Derpy McFlurry,product_variant,Sweets & Treats,Sweets & Treats,item,Yes,https://mcdomenuusa.com/menu/sweets-treats/derpy-mcflurry/,https://mcdomenuusa.com/menu/sweets-treats/,3,derpy mcflurry | mc flurry | derpy mc flurry
sweets-hot-caramel-sundae,Hot Caramel Sundae,product_variant,Sweets & Treats,Sweets & Treats,item,Yes,https://mcdomenuusa.com/menu/sweets-treats/hot-caramel-sundae/,https://mcdomenuusa.com/menu/sweets-treats/,1,hot caramel sundae
sweets-hot-fudge-sundae,Hot Fudge Sundae,product_variant,Sweets & Treats,Sweets & Treats,item,Yes,https://mcdomenuusa.com/menu/sweets-treats/hot-fudge-sundae/,https://mcdomenuusa.com/menu/sweets-treats/,1,hot fudge sundae
sweets-m-ms-mcflurry,M&M'S McFlurry,product_variant,Sweets & Treats,Sweets & Treats,item,Yes,https://mcdomenuusa.com/menu/sweets-treats/m-ms-mcflurry/,https://mcdomenuusa.com/menu/sweets-treats/,6,m and ms mcflurry | mcflurry | mc flurry | m and ms mc flurry | m and m mcflurry | mms mcflurry
sweets-mcflurry,McFlurry,product_family,Sweets & Treats,Sweets & Treats,family_section,Yes,https://mcdomenuusa.com/sweets-treats/,https://mcdomenuusa.com/menu/sweets-treats/,4,mcflurry | mc flurry | mcdonalds mcflurry | mcflurry sizes
sweets-oreo-mcflurry,OREO McFlurry,product_variant,Sweets & Treats,Sweets & Treats,item,Yes,https://mcdomenuusa.com/menu/sweets-treats/oreo-mcflurry/,https://mcdomenuusa.com/menu/sweets-treats/,5,oreo mcflurry | mcflurry | mc flurry | oreo mc flurry | mcflurry oreo
sweets-strawberry-shake,Strawberry Shake,product_family,Sweets & Treats,Sweets & Treats,family_section,Yes,https://mcdomenuusa.com/sweets-treats/,https://mcdomenuusa.com/menu/sweets-treats/,1,strawberry shake
sweets-strawberry-shake-large,Strawberry Shake Large,product_variant,Sweets & Treats,Strawberry Shake,item,Yes,https://mcdomenuusa.com/menu/sweets-treats/strawberry-shake-large/,https://mcdomenuusa.com/menu/sweets-treats/,1,strawberry shake large
sweets-strawberry-shake-medium,Strawberry Shake Medium,product_variant,Sweets & Treats,Strawberry Shake,item,Yes,https://mcdomenuusa.com/menu/sweets-treats/strawberry-shake-medium/,https://mcdomenuusa.com/menu/sweets-treats/,1,strawberry shake medium
sweets-strawberry-shake-small,Strawberry Shake Small,product_variant,Sweets & Treats,Strawberry Shake,item,Yes,https://mcdomenuusa.com/menu/sweets-treats/strawberry-shake-small/,https://mcdomenuusa.com/menu/sweets-treats/,1,strawberry shake small
sweets-treats,Sweets & Treats,menu_guide,Sweets & Treats,,guide,Yes,https://mcdomenuusa.com/sweets-treats/,https://mcdomenuusa.com/menu/sweets-treats/,9,sweets and treats | sweets and treats prices | sweets and treats menu | sweets and treats menu prices | sweets and treats with prices | dessert menu | ice cream menu | soft serve | sundae
sweets-vanilla-cone,Vanilla Cone,product_variant,Sweets & Treats,Sweets & Treats,item,Yes,https://mcdomenuusa.com/menu/sweets-treats/vanilla-cone/,https://mcdomenuusa.com/menu/sweets-treats/,4,vanilla cone | ice cream cone | vanilla ice cream cone | cone
sweets-vanilla-shake,Vanilla Shake,product_family,Sweets & Treats,Sweets & Treats,family_section,Yes,https://mcdomenuusa.com/sweets-treats/,https://mcdomenuusa.com/menu/sweets-treats/,1,vanilla shake
sweets-vanilla-shake-large,Vanilla Shake Large,product_variant,Sweets & Treats,Vanilla Shake,item,Yes,https://mcdomenuusa.com/menu/sweets-treats/vanilla-shake-large/,https://mcdomenuusa.com/menu/sweets-treats/,1,vanilla shake large
sweets-vanilla-shake-medium,Vanilla Shake Medium,product_variant,Sweets & Treats,Vanilla Shake,item,Yes,https://mcdomenuusa.com/menu/sweets-treats/vanilla-shake-medium/,https://mcdomenuusa.com/menu/sweets-treats/,1,vanilla shake medium
sweets-vanilla-shake-small,Vanilla Shake Small,product_variant,Sweets & Treats,Vanilla Shake,item,Yes,https://mcdomenuusa.com/menu/sweets-treats/vanilla-shake-small/,https://mcdomenuusa.com/menu/sweets-treats/,1,vanilla shake small
evm-10-pc-chicken-mcnuggets-meal,10 pc Chicken McNuggets Meal,product_variant,Value & Deals,Chicken McNuggets Meal,item,Yes,https://mcdomenuusa.com/menu/extra-value-meals/10-pc-chicken-mcnuggets-meal/,https://mcdomenuusa.com/menu/extra-value-meals/,10,10 pc chicken mcnuggets meal | 10 pc chicken mc nuggets meal | 10 pc mcnuggets meal | nuggets | 10 piece mcnugget | 10 piece mcnuggets | 10 piece chicken mcnuggets | 10 piece chicken nuggets | 10 pc nuggets | 10 nuggets
mcvalue-4-pc-chicken-mcnuggets,4 pc Chicken McNuggets,product_variant,Value & Deals,Chicken McNuggets,item,Yes,https://mcdomenuusa.com/menu/mcvalue-menu/4-pc-chicken-mcnuggets/,https://mcdomenuusa.com/menu/mcvalue-menu/,10,4 pc chicken mcnuggets | 4 pc chicken mc nuggets | 4 pc mcnuggets | nuggets | 4 piece mcnugget | 4 piece mcnuggets | 4 piece chicken mcnuggets | 4 piece chicken nuggets | 4 pc nuggets | 4 nuggets
mcvalue-6-pc-chicken-mcnuggets,6 pc Chicken McNuggets,product_variant,Value & Deals,Chicken McNuggets,item,Yes,https://mcdomenuusa.com/menu/mcvalue-menu/6-pc-chicken-mcnuggets/,https://mcdomenuusa.com/menu/mcvalue-menu/,10,6 pc chicken mcnuggets | 6 pc chicken mc nuggets | 6 pc mcnuggets | nuggets | 6 piece mcnugget | 6 piece mcnuggets | 6 piece chicken mcnuggets | 6 piece chicken nuggets | 6 pc nuggets | 6 nuggets
evm-bacon-quarter-pounder-with-cheese-meal,Bacon Quarter Pounder with Cheese Meal,product_variant,Value & Deals,Extra Value Meals,item,Yes,https://mcdomenuusa.com/menu/extra-value-meals/bacon-quarter-pounder-with-cheese-meal/,https://mcdomenuusa.com/menu/extra-value-meals/,3,bacon quarter pounder with cheese meal | bacon quarter pounder w cheese meal | bacon quarter pounder cheese meal
evm-bacon-egg-cheese-bagel-meal,"Bacon, Egg & Cheese Bagel Meal",product_variant,Value & Deals,Extra Value Meals,item,Yes,https://mcdomenuusa.com/menu/extra-value-meals/bacon-egg-cheese-bagel-meal/,https://mcdomenuusa.com/menu/extra-value-meals/,1,bacon egg and cheese bagel meal
evm-bacon-egg-cheese-biscuit-meal,"Bacon, Egg & Cheese Biscuit Meal",product_variant,Value & Deals,Extra Value Meals,item,Yes,https://mcdomenuusa.com/menu/extra-value-meals/bacon-egg-cheese-biscuit-meal/,https://mcdomenuusa.com/menu/extra-value-meals/,1,bacon egg and cheese biscuit meal
evm-bacon-egg-cheese-mcgriddles-meal,"Bacon, Egg & Cheese McGriddles Meal",product_variant,Value & Deals,Extra Value Meals,item,Yes,https://mcdomenuusa.com/menu/extra-value-meals/bacon-egg-cheese-mcgriddles-meal/,https://mcdomenuusa.com/menu/extra-value-meals/,3,bacon egg and cheese mcgriddles meal | bacon egg and cheese mcgriddle meal | bacon egg and cheese mc griddles meal
evm-big-mac-meal,Big Mac Meal,product_variant,Value & Deals,Extra Value Meals,item,Yes,https://mcdomenuusa.com/menu/extra-value-meals/big-mac-meal/,https://mcdomenuusa.com/menu/extra-value-meals/,1,big mac meal
mcvalue-cheeseburger,Cheeseburger,product_variant,Value & Deals,McValue Menu,item,Yes,https://mcdomenuusa.com/menu/mcvalue-menu/cheeseburger/,https://mcdomenuusa.com/menu/mcvalue-menu/,1,cheeseburger
evm-cheeseburger-meal,Cheeseburger Meal,product_variant,Value & Deals,Extra Value Meals,item,Yes,https://mcdomenuusa.com/menu/extra-value-meals/cheeseburger-meal/,https://mcdomenuusa.com/menu/extra-value-meals/,1,cheeseburger meal
mcvalue-chicken-mcnuggets,Chicken McNuggets,product_family,Value & Deals,McValue Menu,family_section,Yes,https://mcdomenuusa.com/mcdonalds-deals-mcvalue-guide/,https://mcdomenuusa.com/menu/mcvalue-menu/,5,chicken mcnuggets | mcnuggets | chicken nuggets | nuggets | mcnugget
evm-chicken-mcnuggets-meal,Chicken McNuggets Meal,product_family,Value & Deals,Extra Value Meals,family_section,Yes,https://mcdomenuusa.com/extra-value-meals/,https://mcdomenuusa.com/menu/extra-value-meals/,1,chicken mcnuggets meal
deals-mcvalue-guide,Deals & McValue Guide,support_page,Value & Deals,,support,Yes,https://mcdomenuusa.com/mcdonalds-deals-mcvalue-guide/,,6,mcdonalds value menu | mcdonalds dollar menu | dollar menu | mcvalue | meal deals | mcdonalds deals
evm-deluxe-mccrispy-meal,Deluxe McCrispy Meal,product_variant,Value & Deals,Extra Value Meals,item,Yes,https://mcdomenuusa.com/menu/extra-value-meals/deluxe-mccrispy-meal/,https://mcdomenuusa.com/menu/extra-value-meals/,2,deluxe mccrispy meal | deluxe mc crispy meal
mcvalue-double-cheeseburger,Double Cheeseburger,product_variant,Value & Deals,McValue Menu,item,Yes,https://mcdomenuusa.com/menu/mcvalue-menu/double-cheeseburger/,https://mcdomenuusa.com/menu/mcvalue-menu/,1,double cheeseburger
evm-double-quarter-pounder-with-cheese-meal,Double Quarter Pounder with Cheese Meal,product_variant,Value & Deals,Extra Value Meals,item,Yes,https://mcdomenuusa.com/menu/extra-value-meals/double-quarter-pounder-with-cheese-meal/,https://mcdomenuusa.com/menu/extra-value-meals/,3,double quarter pounder with cheese meal | double quarter pounder w cheese meal | double quarter pounder cheese meal
evm-egg-mcmuffin-meal,Egg McMuffin Meal,product_variant,Value & Deals,Extra Value Meals,item,Yes,https://mcdomenuusa.com/menu/extra-value-meals/egg-mcmuffin-meal/,https://mcdomenuusa.com/menu/extra-value-meals/,2,egg mcmuffin meal | egg mc muffin meal
extra-value-meals,Extra Value Meals,menu_guide,Value & Deals,,guide,Yes,https://mcdomenuusa.com/extra-value-meals/,https://mcdomenuusa.com/menu/extra-value-meals/,12,extra value meals | extra value meals prices | extra value meals menu | extra value meals menu prices | extra value meals with prices | value meals | combo meals | mcdonalds value menu | mcdonalds dollar menu | 5 dollar meal | 5 meal | mcdonalds extra value meals
evm-filet-o-fish-meal,Filet-O-Fish Meal,product_variant,Value & Deals,Extra Value Meals,item,Yes,https://mcdomenuusa.com/menu/extra-value-meals/filet-o-fish-meal/,https://mcdomenuusa.com/menu/extra-value-meals/,3,filet o fish meal | filet of fish | filet o fish
mcvalue-hash-browns,Hash Browns,product_variant,Value & Deals,McValue Menu,item,Yes,https://mcdomenuusa.com/menu/mcvalue-menu/hash-browns/,https://mcdomenuusa.com/menu/mcvalue-menu/,4,hash browns | hashbrown | hashbrowns | hash brown
mcvalue-mcchicken,McChicken,product_variant,Value & Deals,McValue Menu,item,Yes,https://mcdomenuusa.com/menu/mcvalue-menu/mcchicken/,https://mcdomenuusa.com/menu/mcvalue-menu/,2,mcchicken | mc chicken
evm-mccrispy-meal,McCrispy Meal,product_variant,Value & Deals,Extra Value Meals,item,Yes,https://mcdomenuusa.com/menu/extra-value-meals/mccrispy-meal/,https://mcdomenuusa.com/menu/extra-value-meals/,2,mccrispy meal | mc crispy meal
evm-mccrispy-strips-meal,McCrispy Strips Meal,product_variant,Value & Deals,Extra Value Meals,item,Yes,https://mcdomenuusa.com/menu/extra-value-meals/mccrispy-strips-meal/,https://mcdomenuusa.com/menu/extra-value-meals/,2,mccrispy strips meal | mc crispy strips meal
mcvalue-mcflurry-with-m-ms-candies,McFlurry with M&M'S Candies,product_variant,Value & Deals,McValue Menu,item,Yes,https://mcdomenuusa.com/menu/mcvalue-menu/mcflurry-with-m-ms-candies/,https://mcdomenuusa.com/menu/mcvalue-menu/,5,mcflurry with m and ms candies | mc flurry | mcflurry w m and ms candies | mcflurry m and ms candies | mc flurry with m and ms candies
mcvalue-mcflurry-with-oreo-cookies,McFlurry with OREO Cookies,product_variant,Value & Deals,McValue Menu,item,Yes,https://mcdomenuusa.com/menu/mcvalue-menu/mcflurry-with-oreo-cookies/,https://mcdomenuusa.com/menu/mcvalue-menu/,5,mcflurry with oreo cookies | mc flurry | mcflurry w oreo cookies | mcflurry oreo cookies | mc flurry with oreo cookies
mcvalue-menu,McValue Menu,menu_guide,Value & Deals,,guide,Yes,https://mcdomenuusa.com/mcdonalds-deals-mcvalue-guide/,https://mcdomenuusa.com/menu/mcvalue-menu/,10,mcvalue menu | mcvalue | mcvalue menu prices | mcvalue menu menu | mcvalue menu menu prices | mcvalue menu with prices | mcdonalds value menu | mcdonalds dollar menu | 5 dollar meal | 5 meal
evm-quarter-pounder-with-cheese-deluxe-meal,Quarter Pounder with Cheese Deluxe Meal,product_variant,Value & Deals,Extra Value Meals,item,Yes,https://mcdomenuusa.com/menu/extra-value-meals/quarter-pounder-with-cheese-deluxe-meal/,https://mcdomenuusa.com/menu/extra-value-meals/,3,quarter pounder with cheese deluxe meal | quarter pounder w cheese deluxe meal | quarter pounder cheese deluxe meal
evm-quarter-pounder-with-cheese-meal,Quarter Pounder with Cheese Meal,product_variant,Value & Deals,Extra Value Meals,item,Yes,https://mcdomenuusa.com/menu/extra-value-meals/quarter-pounder-with-cheese-meal/,https://mcdomenuusa.com/menu/extra-value-meals/,3,quarter pounder with cheese meal | quarter pounder w cheese meal | quarter pounder cheese meal
evm-ranch-spicy-snack-wrap-meal,Ranch & Spicy Snack Wrap Meal,product_variant,Value & Deals,Extra Value Meals,item,Yes,https://mcdomenuusa.com/menu/extra-value-meals/ranch-spicy-snack-wrap-meal/,https://mcdomenuusa.com/menu/extra-value-meals/,1,ranch and spicy snack wrap meal
evm-ranch-snack-wrap-meal,Ranch Snack Wrap Meal,product_variant,Value & Deals,Extra Value Meals,item,Yes,https://mcdomenuusa.com/menu/extra-value-meals/ranch-snack-wrap-meal/,https://mcdomenuusa.com/menu/extra-value-meals/,1,ranch snack wrap meal
mcvalue-sausage-biscuit,Sausage Biscuit,product_variant,Value & Deals,McValue Menu,item,Yes,https://mcdomenuusa.com/menu/mcvalue-menu/sausage-biscuit/,https://mcdomenuusa.com/menu/mcvalue-menu/,1,sausage biscuit
evm-sausage-biscuit-with-egg-meal,Sausage Biscuit with Egg Meal,product_variant,Value & Deals,Extra Value Meals,item,Yes,https://mcdomenuusa.com/menu/extra-value-meals/sausage-biscuit-with-egg-meal/,https://mcdomenuusa.com/menu/extra-value-meals/,3,sausage biscuit with egg meal | sausage biscuit w egg meal | sausage biscuit egg meal
mcvalue-sausage-burrito,Sausage Burrito,product_variant,Value & Deals,McValue Menu,item,Yes,https://mcdomenuusa.com/menu/mcvalue-menu/sausage-burrito/,https://mcdomenuusa.com/menu/mcvalue-menu/,3,sausage burrito | burrito | burritos
evm-sausage-burrito-meal,Sausage Burrito Meal,product_variant,Value & Deals,Extra Value Meals,item,Yes,https://mcdomenuusa.com/menu/extra-value-meals/sausage-burrito-meal/,https://mcdomenuusa.com/menu/extra-value-meals/,1,sausage burrito meal
evm-sausage-mcgriddles-meal,Sausage McGriddles Meal,product_variant,Value & Deals,Extra Value Meals,item,Yes,https://mcdomenuusa.com/menu/extra-value-meals/sausage-mcgriddles-meal/,https://mcdomenuusa.com/menu/extra-value-meals/,3,sausage mcgriddles meal | sausage mcgriddle meal | sausage mc griddles meal
mcvalue-sausage-mcmuffin,Sausage McMuffin,product_variant,Value & Deals,McValue Menu,item,Yes,https://mcdomenuusa.com/menu/mcvalue-menu/sausage-mcmuffin/,https://mcdomenuusa.com/menu/mcvalue-menu/,2,sausage mcmuffin | sausage mc muffin
evm-sausage-mcmuffin-with-egg-meal,Sausage McMuffin with Egg Meal,product_variant,Value & Deals,Extra Value Meals,item,Yes,https://mcdomenuusa.com/menu/extra-value-meals/sausage-mcmuffin-with-egg-meal/,https://mcdomenuusa.com/menu/extra-value-meals/,6,sausage mcmuffin with egg meal | sausage mcmuffin and cheese meal | sausage mcmuffin egg and cheese meal | sausage mcmuffin w egg meal | sausage mcmuffin egg meal | sausage mc muffin with egg meal
evm-sausage-egg-cheese-mcgriddles-meal,"Sausage, Egg & Cheese McGriddles Meal",product_variant,Value & Deals,Extra Value Meals,item,Yes,https://mcdomenuusa.com/menu/extra-value-meals/sausage-egg-cheese-mcgriddles-meal/,https://mcdomenuusa.com/menu/extra-value-meals/,3,sausage egg and cheese mcgriddles meal | sausage egg and cheese mcgriddle meal | sausage egg and cheese mc griddles meal
shareables-bundles,Shareables & Bundles,support_page,Value & Deals,,support,Yes,https://mcdomenuusa.com/shareables-bundles/,,9,shareables | bundles | family bundle | shareable meal | bundle deal | bundle box | family meal | family box | dinner box
mcvalue-small-world-famous-fries,Small World Famous Fries,product_variant,Value & Deals,World Famous Fries,item,Yes,https://mcdomenuusa.com/menu/mcvalue-menu/small-world-famous-fries/,https://mcdomenuusa.com/menu/mcvalue-menu/,5,small world famous fries | fries | french fries | small fry | small fries
evm-spicy-deluxe-mccrispy-meal,Spicy Deluxe McCrispy Meal,product_variant,Value & Deals,Extra Value Meals,item,Yes,https://mcdomenuusa.com/menu/extra-value-meals/spicy-deluxe-mccrispy-meal/,https://mcdomenuusa.com/menu/extra-value-meals/,2,spicy deluxe mccrispy meal | spicy deluxe mc crispy meal
evm-spicy-mccrispy-meal,Spicy McCrispy Meal,product_variant,Value & Deals,Extra Value Meals,item,Yes,https://mcdomenuusa.com/menu/extra-value-meals/spicy-mccrispy-meal/,https://mcdomenuusa.com/menu/extra-value-meals/,2,spicy mccrispy meal | spicy mc crispy meal
evm-spicy-snack-wrap-meal,Spicy Snack Wrap Meal,product_variant,Value & Deals,Extra Value Meals,item,Yes,https://mcdomenuusa.com/menu/extra-value-meals/spicy-snack-wrap-meal/,https://mcdomenuusa.com/menu/extra-value-meals/,1,spicy snack wrap meal
evm-steak-egg-cheese-bagel-meal,"Steak, Egg & Cheese Bagel Meal",product_variant,Value & Deals,Extra Value Meals,item,Yes,https://mcdomenuusa.com/menu/extra-value-meals/steak-egg-cheese-bagel-meal/,https://mcdomenuusa.com/menu/extra-value-meals/,1,steak egg and cheese bagel meal
mcvalue-daily-double-meal-deal,The Daily Double Meal Deal,product_variant,Value & Deals,McValue Menu,item,Yes,https://mcdomenuusa.com/menu/mcvalue-menu/daily-double-meal-deal/,https://mcdomenuusa.com/menu/mcvalue-menu/,2,the daily double meal deal | daily double meal deal
mcvalue-mcchicken-meal-deal,The McChicken Meal Deal,product_variant,Value & Deals,McValue Menu,item,Yes,https://mcdomenuusa.com/menu/mcvalue-menu/mcchicken-meal-deal/,https://mcdomenuusa.com/menu/mcvalue-menu/,4,the mcchicken meal deal | mc chicken | mcchicken meal deal | the mc chicken meal deal
mcvalue-mcdouble-meal-deal,The McDouble Meal Deal,product_variant,Value & Deals,McValue Menu,item,Yes,https://mcdomenuusa.com/menu/mcvalue-menu/mcdouble-meal-deal/,https://mcdomenuusa.com/menu/mcvalue-menu/,4,the mcdouble meal deal | mc double | mcdouble meal deal | the mc double meal deal
mcvalue-world-famous-fries,World Famous Fries,product_family,Value & Deals,McValue Menu,family_section,Yes,https://mcdomenuusa.com/mcdonalds-deals-mcvalue-guide/,https://mcdomenuusa.com/menu/mcvalue-menu/,4,world famous fries | fries | mcdonalds fries | mcdonalds french fries
